datetime,ax,ay,az
2026/4/21 15:49:06.4269,-0.276900,-0.916500,0.105300
2026/4/21 15:49:06.4369,-0.276900,-0.920400,0.109200
2026/4/21 15:49:06.4469,-0.276900,-0.912600,0.113100
2026/4/21 15:49:06.4569,-0.273000,-0.920400,0.109200
2026/4/21 15:49:06.4669,-0.273000,-0.920400,0.109200
2026/4/21 15:49:06.4769,-0.273000,-0.920400,0.113100
2026/4/21 15:49:06.4869,-0.276900,-0.916500,0.109200
2026/4/21 15:49:06.4969,-0.276900,-0.916500,0.113100
2026/4/21 15:49:06.5069,-0.273000,-0.916500,0.117000
2026/4/21 15:49:06.5169,-0.276900,-0.920400,0.113100
2026/4/21 15:49:06.5269,-0.276900,-0.916500,0.109200
2026/4/21 15:49:06.5369,-0.276900,-0.916500,0.105300
2026/4/21 15:49:06.5469,-0.276900,-0.920400,0.105300
2026/4/21 15:49:06.5569,-0.273000,-0.916500,0.113100
2026/4/21 15:49:06.5669,-0.276900,-0.920400,0.113100
2026/4/21 15:49:06.5769,-0.273000,-0.916500,0.113100
2026/4/21 15:49:06.5869,-0.273000,-0.916500,0.113100
2026/4/21 15:49:06.5969,-0.276900,-0.916500,0.109200
2026/4/21 15:49:06.6069,-0.276900,-0.916500,0.113100
2026/4/21 15:49:06.6169,-0.276900,-0.920400,0.113100
2026/4/21 15:49:06.7389,-0.280800,-0.916500,0.109200
2026/4/21 15:49:06.7489,-0.284700,-0.920400,0.109200
2026/4/21 15:49:06.7589,-0.276900,-0.916500,0.109200
2026/4/21 15:49:06.7689,-0.276900,-0.916500,0.109200
2026/4/21 15:49:06.7789,-0.276900,-0.916500,0.113100
2026/4/21 15:49:06.7889,-0.273000,-0.916500,0.113100
2026/4/21 15:49:06.7989,-0.276900,-0.920400,0.113100
2026/4/21 15:49:06.8089,-0.276900,-0.920400,0.109200
2026/4/21 15:49:06.8189,-0.276900,-0.916500,0.113100
2026/4/21 15:49:06.8289,-0.273000,-0.916500,0.113100
2026/4/21 15:49:06.8389,-0.276900,-0.920400,0.120900
2026/4/21 15:49:06.8489,-0.273000,-0.920400,0.113100
2026/4/21 15:49:06.8589,-0.276900,-0.916500,0.113100
2026/4/21 15:49:06.8689,-0.276900,-0.916500,0.109200
2026/4/21 15:49:06.8789,-0.276900,-0.916500,0.113100
2026/4/21 15:49:06.8889,-0.276900,-0.920400,0.113100
2026/4/21 15:49:06.8989,-0.276900,-0.916500,0.109200
2026/4/21 15:49:06.9089,-0.276900,-0.920400,0.113100
2026/4/21 15:49:06.9189,-0.276900,-0.920400,0.120900
2026/4/21 15:49:06.9289,-0.273000,-0.916500,0.109200
2026/4/21 15:49:07.0509,-0.273000,-0.924300,0.109200
2026/4/21 15:49:07.0609,-0.276900,-0.920400,0.105300
2026/4/21 15:49:07.0709,-0.276900,-0.920400,0.109200
2026/4/21 15:49:07.0809,-0.273000,-0.916500,0.109200
2026/4/21 15:49:07.0909,-0.276900,-0.916500,0.109200
2026/4/21 15:49:07.1009,-0.276900,-0.916500,0.105300
2026/4/21 15:49:07.1109,-0.273000,-0.920400,0.113100
2026/4/21 15:49:07.1209,-0.276900,-0.920400,0.113100
2026/4/21 15:49:07.1309,-0.276900,-0.916500,0.109200
2026/4/21 15:49:07.1409,-0.276900,-0.920400,0.105300
2026/4/21 15:49:07.1509,-0.276900,-0.916500,0.109200
2026/4/21 15:49:07.1609,-0.276900,-0.916500,0.113100
2026/4/21 15:49:07.1709,-0.273000,-0.924300,0.117000
2026/4/21 15:49:07.1809,-0.276900,-0.920400,0.105300
2026/4/21 15:49:07.1909,-0.276900,-0.912600,0.105300
2026/4/21 15:49:07.2009,-0.276900,-0.916500,0.117000
2026/4/21 15:49:07.2109,-0.280800,-0.912600,0.109200
2026/4/21 15:49:07.2209,-0.276900,-0.916500,0.113100
2026/4/21 15:49:07.2309,-0.276900,-0.916500,0.109200
2026/4/21 15:49:07.2409,-0.276900,-0.916500,0.109200
2026/4/21 15:49:07.3629,-0.273000,-0.916500,0.105300
2026/4/21 15:49:07.3729,-0.280800,-0.916500,0.105300
2026/4/21 15:49:07.3829,-0.276900,-0.920400,0.109200
2026/4/21 15:49:07.3929,-0.276900,-0.920400,0.109200
2026/4/21 15:49:07.4029,-0.276900,-0.920400,0.117000
2026/4/21 15:49:07.4129,-0.280800,-0.912600,0.109200
2026/4/21 15:49:07.4229,-0.276900,-0.916500,0.113100
2026/4/21 15:49:07.4329,-0.280800,-0.916500,0.109200
2026/4/21 15:49:07.4429,-0.276900,-0.916500,0.113100
2026/4/21 15:49:07.4529,-0.273000,-0.916500,0.109200
2026/4/21 15:49:07.4629,-0.273000,-0.920400,0.109200
2026/4/21 15:49:07.4729,-0.276900,-0.916500,0.113100
2026/4/21 15:49:07.4829,-0.273000,-0.916500,0.109200
2026/4/21 15:49:07.4929,-0.276900,-0.920400,0.113100
2026/4/21 15:49:07.5029,-0.276900,-0.920400,0.105300
2026/4/21 15:49:07.5129,-0.276900,-0.916500,0.109200
2026/4/21 15:49:07.5229,-0.276900,-0.916500,0.113100
2026/4/21 15:49:07.5329,-0.276900,-0.912600,0.113100
2026/4/21 15:49:07.5429,-0.276900,-0.916500,0.109200
2026/4/21 15:49:07.5529,-0.280800,-0.916500,0.109200
2026/4/21 15:49:07.6749,-0.273000,-0.916500,0.105300
2026/4/21 15:49:07.6849,-0.276900,-0.916500,0.120900
2026/4/21 15:49:07.6949,-0.276900,-0.916500,0.113100
2026/4/21 15:49:07.7049,-0.280800,-0.916500,0.105300
2026/4/21 15:49:07.7149,-0.276900,-0.908700,0.117000
2026/4/21 15:49:07.7249,-0.280800,-0.920400,0.113100
2026/4/21 15:49:07.7349,-0.276900,-0.920400,0.117000
2026/4/21 15:49:07.7449,-0.273000,-0.912600,0.105300
2026/4/21 15:49:07.7549,-0.276900,-0.916500,0.109200
2026/4/21 15:49:07.7649,-0.276900,-0.916500,0.117000
2026/4/21 15:49:07.7749,-0.276900,-0.916500,0.117000
2026/4/21 15:49:07.7849,-0.273000,-0.916500,0.109200
2026/4/21 15:49:07.7949,-0.276900,-0.912600,0.113100
2026/4/21 15:49:07.8049,-0.273000,-0.916500,0.117000
2026/4/21 15:49:07.8149,-0.276900,-0.916500,0.113100
2026/4/21 15:49:07.8249,-0.276900,-0.916500,0.113100
2026/4/21 15:49:07.8349,-0.276900,-0.920400,0.113100
2026/4/21 15:49:07.8449,-0.280800,-0.916500,0.109200
2026/4/21 15:49:07.8549,-0.276900,-0.916500,0.117000
2026/4/21 15:49:07.8649,-0.273000,-0.920400,0.117000
2026/4/21 15:49:07.9869,-0.276900,-0.916500,0.109200
2026/4/21 15:49:07.9969,-0.276900,-0.916500,0.113100
2026/4/21 15:49:08.0069,-0.276900,-0.920400,0.109200
2026/4/21 15:49:08.0169,-0.276900,-0.916500,0.113100
2026/4/21 15:49:08.0269,-0.273000,-0.912600,0.109200
2026/4/21 15:49:08.0369,-0.280800,-0.912600,0.109200
2026/4/21 15:49:08.0469,-0.273000,-0.916500,0.117000
2026/4/21 15:49:08.0569,-0.276900,-0.916500,0.113100
2026/4/21 15:49:08.0669,-0.273000,-0.924300,0.109200
2026/4/21 15:49:08.0769,-0.276900,-0.916500,0.117000
2026/4/21 15:49:08.0869,-0.276900,-0.912600,0.109200
2026/4/21 15:49:08.0969,-0.273000,-0.916500,0.109200
2026/4/21 15:49:08.1069,-0.269100,-0.920400,0.109200
2026/4/21 15:49:08.1169,-0.280800,-0.916500,0.109200
2026/4/21 15:49:08.1269,-0.276900,-0.916500,0.109200
2026/4/21 15:49:08.1369,-0.276900,-0.920400,0.113100
2026/4/21 15:49:08.1469,-0.273000,-0.920400,0.105300
2026/4/21 15:49:08.1569,-0.273000,-0.912600,0.117000
2026/4/21 15:49:08.1669,-0.276900,-0.920400,0.105300
2026/4/21 15:49:08.1769,-0.273000,-0.920400,0.109200
2026/4/21 15:49:08.2989,-0.276900,-0.920400,0.109200
2026/4/21 15:49:08.3089,-0.273000,-0.920400,0.113100
2026/4/21 15:49:08.3189,-0.276900,-0.920400,0.113100
2026/4/21 15:49:08.3289,-0.276900,-0.916500,0.113100
2026/4/21 15:49:08.3389,-0.276900,-0.916500,0.113100
2026/4/21 15:49:08.3489,-0.276900,-0.916500,0.105300
2026/4/21 15:49:08.3589,-0.276900,-0.916500,0.117000
2026/4/21 15:49:08.3689,-0.276900,-0.916500,0.109200
2026/4/21 15:49:08.3789,-0.273000,-0.920400,0.109200
2026/4/21 15:49:08.3889,-0.273000,-0.916500,0.109200
2026/4/21 15:49:08.3989,-0.276900,-0.912600,0.109200
2026/4/21 15:49:08.4089,-0.276900,-0.916500,0.113100
2026/4/21 15:49:08.4189,-0.280800,-0.920400,0.113100
2026/4/21 15:49:08.4289,-0.276900,-0.916500,0.105300
2026/4/21 15:49:08.4389,-0.273000,-0.912600,0.117000
2026/4/21 15:49:08.4489,-0.276900,-0.916500,0.109200
2026/4/21 15:49:08.4589,-0.276900,-0.916500,0.109200
2026/4/21 15:49:08.4689,-0.273000,-0.916500,0.109200
2026/4/21 15:49:08.4789,-0.276900,-0.916500,0.113100
2026/4/21 15:49:08.4889,-0.273000,-0.916500,0.113100
2026/4/21 15:49:08.6109,-0.276900,-0.916500,0.113100
2026/4/21 15:49:08.6209,-0.276900,-0.916500,0.109200
2026/4/21 15:49:08.6309,-0.276900,-0.920400,0.105300
2026/4/21 15:49:08.6409,-0.273000,-0.916500,0.113100
2026/4/21 15:49:08.6509,-0.273000,-0.916500,0.109200
2026/4/21 15:49:08.6609,-0.280800,-0.916500,0.109200
2026/4/21 15:49:08.6709,-0.269100,-0.920400,0.113100
2026/4/21 15:49:08.6809,-0.273000,-0.912600,0.117000
2026/4/21 15:49:08.6909,-0.276900,-0.912600,0.113100
2026/4/21 15:49:08.7009,-0.276900,-0.920400,0.113100
2026/4/21 15:49:08.7109,-0.276900,-0.916500,0.109200
2026/4/21 15:49:08.7209,-0.276900,-0.920400,0.117000
2026/4/21 15:49:08.7309,-0.276900,-0.916500,0.109200
2026/4/21 15:49:08.7409,-0.276900,-0.920400,0.105300
2026/4/21 15:49:08.7509,-0.273000,-0.920400,0.109200
2026/4/21 15:49:08.7609,-0.276900,-0.916500,0.109200
2026/4/21 15:49:08.7709,-0.273000,-0.916500,0.109200
2026/4/21 15:49:08.7809,-0.276900,-0.920400,0.117000
2026/4/21 15:49:08.7909,-0.273000,-0.920400,0.113100
2026/4/21 15:49:08.8009,-0.276900,-0.912600,0.117000
2026/4/21 15:49:08.9229,-0.276900,-0.916500,0.109200
2026/4/21 15:49:08.9329,-0.276900,-0.916500,0.109200
2026/4/21 15:49:08.9429,-0.276900,-0.920400,0.109200
2026/4/21 15:49:08.9529,-0.276900,-0.920400,0.113100
2026/4/21 15:49:08.9629,-0.280800,-0.912600,0.105300
2026/4/21 15:49:08.9729,-0.273000,-0.924300,0.109200
2026/4/21 15:49:08.9829,-0.276900,-0.920400,0.113100
2026/4/21 15:49:08.9929,-0.273000,-0.920400,0.113100
2026/4/21 15:49:09.0029,-0.280800,-0.916500,0.113100
2026/4/21 15:49:09.0129,-0.276900,-0.920400,0.113100
2026/4/21 15:49:09.0229,-0.276900,-0.920400,0.113100
2026/4/21 15:49:09.0329,-0.273000,-0.916500,0.109200
2026/4/21 15:49:09.0429,-0.280800,-0.916500,0.113100
2026/4/21 15:49:09.0529,-0.276900,-0.916500,0.105300
2026/4/21 15:49:09.0629,-0.276900,-0.920400,0.113100
2026/4/21 15:49:09.0729,-0.276900,-0.916500,0.109200
2026/4/21 15:49:09.0829,-0.276900,-0.916500,0.105300
2026/4/21 15:49:09.0929,-0.273000,-0.920400,0.109200
2026/4/21 15:49:09.1029,-0.273000,-0.920400,0.109200
2026/4/21 15:49:09.1129,-0.273000,-0.920400,0.109200
2026/4/21 15:49:09.2349,-0.280800,-0.916500,0.109200
2026/4/21 15:49:09.2449,-0.276900,-0.920400,0.109200
2026/4/21 15:49:09.2549,-0.273000,-0.916500,0.117000
2026/4/21 15:49:09.2649,-0.276900,-0.920400,0.109200
2026/4/21 15:49:09.2749,-0.273000,-0.920400,0.113100
2026/4/21 15:49:09.2849,-0.273000,-0.916500,0.120900
2026/4/21 15:49:09.2949,-0.276900,-0.916500,0.113100
2026/4/21 15:49:09.3049,-0.273000,-0.920400,0.109200
2026/4/21 15:49:09.3149,-0.269100,-0.916500,0.117000
2026/4/21 15:49:09.3249,-0.276900,-0.916500,0.109200
2026/4/21 15:49:09.3349,-0.276900,-0.920400,0.109200
2026/4/21 15:49:09.3449,-0.273000,-0.920400,0.109200
2026/4/21 15:49:09.3549,-0.280800,-0.920400,0.109200
2026/4/21 15:49:09.3649,-0.276900,-0.912600,0.109200
2026/4/21 15:49:09.3749,-0.276900,-0.916500,0.113100
2026/4/21 15:49:09.3849,-0.276900,-0.916500,0.109200
2026/4/21 15:49:09.3949,-0.280800,-0.916500,0.117000
2026/4/21 15:49:09.4049,-0.273000,-0.916500,0.113100
2026/4/21 15:49:09.4149,-0.276900,-0.916500,0.113100
2026/4/21 15:49:09.4249,-0.276900,-0.920400,0.109200
2026/4/21 15:49:09.5469,-0.280800,-0.916500,0.113100
2026/4/21 15:49:09.5569,-0.276900,-0.920400,0.105300
2026/4/21 15:49:09.5669,-0.273000,-0.912600,0.117000
2026/4/21 15:49:09.5769,-0.273000,-0.916500,0.109200
2026/4/21 15:49:09.5869,-0.276900,-0.916500,0.117000
2026/4/21 15:49:09.5969,-0.273000,-0.916500,0.109200
2026/4/21 15:49:09.6069,-0.276900,-0.916500,0.113100
2026/4/21 15:49:09.6169,-0.273000,-0.920400,0.117000
2026/4/21 15:49:09.6269,-0.273000,-0.916500,0.109200
2026/4/21 15:49:09.6369,-0.269100,-0.924300,0.113100
2026/4/21 15:49:09.6469,-0.273000,-0.916500,0.117000
2026/4/21 15:49:09.6569,-0.276900,-0.916500,0.113100
2026/4/21 15:49:09.6669,-0.276900,-0.916500,0.109200
2026/4/21 15:49:09.6769,-0.269100,-0.916500,0.109200
2026/4/21 15:49:09.6869,-0.280800,-0.912600,0.113100
2026/4/21 15:49:09.6969,-0.273000,-0.920400,0.117000
2026/4/21 15:49:09.7069,-0.276900,-0.920400,0.109200
2026/4/21 15:49:09.7169,-0.280800,-0.920400,0.113100
2026/4/21 15:49:09.7269,-0.273000,-0.916500,0.117000
2026/4/21 15:49:09.7369,-0.273000,-0.916500,0.113100
2026/4/21 15:49:09.8589,-0.273000,-0.916500,0.109200
2026/4/21 15:49:09.8689,-0.280800,-0.912600,0.120900
2026/4/21 15:49:09.8789,-0.273000,-0.920400,0.109200
2026/4/21 15:49:09.8889,-0.276900,-0.916500,0.105300
2026/4/21 15:49:09.8989,-0.276900,-0.916500,0.117000
2026/4/21 15:49:09.9089,-0.276900,-0.924300,0.113100
2026/4/21 15:49:09.9189,-0.276900,-0.916500,0.113100
2026/4/21 15:49:09.9289,-0.276900,-0.916500,0.113100
2026/4/21 15:49:09.9389,-0.276900,-0.916500,0.109200
2026/4/21 15:49:09.9489,-0.273000,-0.916500,0.113100
2026/4/21 15:49:09.9589,-0.273000,-0.920400,0.105300
2026/4/21 15:49:09.9689,-0.276900,-0.916500,0.113100
2026/4/21 15:49:09.9789,-0.273000,-0.920400,0.113100
2026/4/21 15:49:09.9889,-0.273000,-0.920400,0.109200
2026/4/21 15:49:09.9989,-0.269100,-0.920400,0.109200
2026/4/21 15:49:10.0089,-0.276900,-0.916500,0.113100
2026/4/21 15:49:10.0189,-0.273000,-0.924300,0.113100
2026/4/21 15:49:10.0289,-0.273000,-0.920400,0.109200
2026/4/21 15:49:10.0389,-0.269100,-0.920400,0.113100
2026/4/21 15:49:10.0489,-0.280800,-0.916500,0.113100
2026/4/21 15:49:10.1709,-0.276900,-0.916500,0.113100
2026/4/21 15:49:10.1809,-0.276900,-0.916500,0.117000
2026/4/21 15:49:10.1909,-0.280800,-0.916500,0.105300
2026/4/21 15:49:10.2009,-0.276900,-0.912600,0.113100
2026/4/21 15:49:10.2109,-0.276900,-0.920400,0.113100
2026/4/21 15:49:10.2209,-0.276900,-0.920400,0.109200
2026/4/21 15:49:10.2309,-0.276900,-0.916500,0.113100
2026/4/21 15:49:10.2409,-0.273000,-0.920400,0.109200
2026/4/21 15:49:10.2509,-0.276900,-0.916500,0.113100
2026/4/21 15:49:10.2609,-0.276900,-0.916500,0.109200
2026/4/21 15:49:10.2709,-0.273000,-0.916500,0.113100
2026/4/21 15:49:10.2809,-0.273000,-0.916500,0.117000
2026/4/21 15:49:10.2909,-0.273000,-0.920400,0.113100
2026/4/21 15:49:10.3009,-0.273000,-0.916500,0.113100
2026/4/21 15:49:10.3109,-0.273000,-0.916500,0.113100
2026/4/21 15:49:10.3209,-0.269100,-0.920400,0.109200
2026/4/21 15:49:10.3309,-0.273000,-0.920400,0.109200
2026/4/21 15:49:10.3409,-0.276900,-0.916500,0.109200
2026/4/21 15:49:10.3509,-0.276900,-0.920400,0.109200
2026/4/21 15:49:10.3609,-0.276900,-0.920400,0.113100
2026/4/21 15:49:10.4829,-0.276900,-0.912600,0.113100
2026/4/21 15:49:10.4929,-0.276900,-0.916500,0.109200
2026/4/21 15:49:10.5029,-0.276900,-0.920400,0.113100
2026/4/21 15:49:10.5129,-0.273000,-0.916500,0.109200
2026/4/21 15:49:10.5229,-0.276900,-0.916500,0.113100
2026/4/21 15:49:10.5329,-0.276900,-0.916500,0.109200
2026/4/21 15:49:10.5429,-0.276900,-0.916500,0.113100
2026/4/21 15:49:10.5529,-0.280800,-0.920400,0.109200
2026/4/21 15:49:10.5629,-0.273000,-0.920400,0.109200
2026/4/21 15:49:10.5729,-0.280800,-0.920400,0.113100
2026/4/21 15:49:10.5829,-0.276900,-0.924300,0.109200
2026/4/21 15:49:10.5929,-0.276900,-0.920400,0.113100
2026/4/21 15:49:10.6029,-0.273000,-0.920400,0.109200
2026/4/21 15:49:10.6129,-0.273000,-0.920400,0.109200
2026/4/21 15:49:10.6229,-0.276900,-0.912600,0.113100
2026/4/21 15:49:10.6329,-0.276900,-0.920400,0.109200
2026/4/21 15:49:10.6429,-0.276900,-0.916500,0.113100
2026/4/21 15:49:10.6529,-0.276900,-0.916500,0.117000
2026/4/21 15:49:10.6629,-0.276900,-0.916500,0.109200
2026/4/21 15:49:10.6729,-0.276900,-0.920400,0.113100
2026/4/21 15:49:10.7949,-0.276900,-0.916500,0.109200
2026/4/21 15:49:10.8049,-0.273000,-0.916500,0.105300
2026/4/21 15:49:10.8149,-0.276900,-0.916500,0.113100
2026/4/21 15:49:10.8249,-0.280800,-0.916500,0.109200
2026/4/21 15:49:10.8349,-0.273000,-0.920400,0.109200
2026/4/21 15:49:10.8449,-0.273000,-0.916500,0.105300
2026/4/21 15:49:10.8549,-0.276900,-0.916500,0.120900
2026/4/21 15:49:10.8649,-0.276900,-0.916500,0.109200
2026/4/21 15:49:10.8749,-0.276900,-0.920400,0.109200
2026/4/21 15:49:10.8849,-0.273000,-0.916500,0.109200
2026/4/21 15:49:10.8949,-0.280800,-0.916500,0.109200
2026/4/21 15:49:10.9049,-0.276900,-0.916500,0.109200
2026/4/21 15:49:10.9149,-0.276900,-0.916500,0.109200
2026/4/21 15:49:10.9249,-0.273000,-0.916500,0.113100
2026/4/21 15:49:10.9349,-0.276900,-0.916500,0.109200
2026/4/21 15:49:10.9449,-0.280800,-0.916500,0.109200
2026/4/21 15:49:10.9549,-0.276900,-0.916500,0.117000
2026/4/21 15:49:10.9649,-0.276900,-0.916500,0.109200
2026/4/21 15:49:10.9749,-0.276900,-0.916500,0.113100
2026/4/21 15:49:10.9849,-0.276900,-0.916500,0.109200
2026/4/21 15:49:11.1069,-0.276900,-0.920400,0.109200
2026/4/21 15:49:11.1169,-0.280800,-0.916500,0.109200
2026/4/21 15:49:11.1269,-0.273000,-0.916500,0.109200
2026/4/21 15:49:11.1369,-0.273000,-0.916500,0.117000
2026/4/21 15:49:11.1469,-0.273000,-0.916500,0.109200
2026/4/21 15:49:11.1569,-0.276900,-0.912600,0.113100
2026/4/21 15:49:11.1669,-0.273000,-0.916500,0.109200
2026/4/21 15:49:11.1769,-0.273000,-0.920400,0.117000
2026/4/21 15:49:11.1869,-0.276900,-0.916500,0.113100
2026/4/21 15:49:11.1969,-0.276900,-0.916500,0.109200
2026/4/21 15:49:11.2069,-0.273000,-0.916500,0.109200
2026/4/21 15:49:11.2169,-0.269100,-0.920400,0.117000
2026/4/21 15:49:11.2269,-0.273000,-0.916500,0.113100
2026/4/21 15:49:11.2369,-0.273000,-0.920400,0.109200
2026/4/21 15:49:11.2469,-0.273000,-0.912600,0.113100
2026/4/21 15:49:11.2569,-0.273000,-0.924300,0.113100
2026/4/21 15:49:11.2669,-0.276900,-0.916500,0.113100
2026/4/21 15:49:11.2769,-0.276900,-0.912600,0.113100
2026/4/21 15:49:11.2869,-0.276900,-0.916500,0.113100
2026/4/21 15:49:11.2969,-0.276900,-0.916500,0.109200
2026/4/21 15:49:11.4189,-0.276900,-0.912600,0.113100
2026/4/21 15:49:11.4289,-0.276900,-0.912600,0.117000
2026/4/21 15:49:11.4389,-0.280800,-0.912600,0.109200
2026/4/21 15:49:11.4489,-0.273000,-0.912600,0.113100
2026/4/21 15:49:11.4589,-0.273000,-0.924300,0.109200
2026/4/21 15:49:11.4689,-0.273000,-0.920400,0.117000
2026/4/21 15:49:11.4789,-0.276900,-0.920400,0.113100
2026/4/21 15:49:11.4889,-0.273000,-0.916500,0.113100
2026/4/21 15:49:11.4989,-0.276900,-0.916500,0.120900
2026/4/21 15:49:11.5089,-0.276900,-0.916500,0.113100
2026/4/21 15:49:11.5189,-0.276900,-0.920400,0.113100
2026/4/21 15:49:11.5289,-0.276900,-0.912600,0.113100
2026/4/21 15:49:11.5389,-0.273000,-0.916500,0.113100
2026/4/21 15:49:11.5489,-0.276900,-0.912600,0.109200
2026/4/21 15:49:11.5589,-0.276900,-0.920400,0.109200
2026/4/21 15:49:11.5689,-0.276900,-0.920400,0.113100
2026/4/21 15:49:11.5789,-0.276900,-0.916500,0.120900
2026/4/21 15:49:11.5889,-0.273000,-0.916500,0.113100
2026/4/21 15:49:11.5989,-0.276900,-0.920400,0.113100
2026/4/21 15:49:11.6089,-0.265200,-0.912600,0.113100
2026/4/21 15:49:11.7309,-0.276900,-0.916500,0.113100
2026/4/21 15:49:11.7409,-0.276900,-0.916500,0.109200
2026/4/21 15:49:11.7509,-0.280800,-0.912600,0.113100
2026/4/21 15:49:11.7609,-0.280800,-0.920400,0.109200
2026/4/21 15:49:11.7709,-0.276900,-0.916500,0.113100
2026/4/21 15:49:11.7809,-0.276900,-0.920400,0.109200
2026/4/21 15:49:11.7909,-0.276900,-0.920400,0.109200
2026/4/21 15:49:11.8009,-0.280800,-0.916500,0.113100
2026/4/21 15:49:11.8109,-0.276900,-0.912600,0.113100
2026/4/21 15:49:11.8209,-0.276900,-0.920400,0.109200
2026/4/21 15:49:11.8309,-0.276900,-0.920400,0.113100
2026/4/21 15:49:11.8409,-0.276900,-0.920400,0.113100
2026/4/21 15:49:11.8509,-0.276900,-0.912600,0.105300
2026/4/21 15:49:11.8609,-0.276900,-0.912600,0.113100
2026/4/21 15:49:11.8709,-0.280800,-0.912600,0.109200
2026/4/21 15:49:11.8809,-0.273000,-0.916500,0.113100
2026/4/21 15:49:11.8909,-0.280800,-0.912600,0.109200
2026/4/21 15:49:11.9009,-0.276900,-0.920400,0.109200
2026/4/21 15:49:11.9109,-0.276900,-0.916500,0.113100
2026/4/21 15:49:11.9209,-0.276900,-0.920400,0.113100
2026/4/21 15:49:12.0429,-0.269100,-0.916500,0.109200
2026/4/21 15:49:12.0529,-0.276900,-0.920400,0.113100
2026/4/21 15:49:12.0629,-0.276900,-0.916500,0.109200
2026/4/21 15:49:12.0729,-0.276900,-0.916500,0.105300
2026/4/21 15:49:12.0829,-0.276900,-0.920400,0.105300
2026/4/21 15:49:12.0929,-0.276900,-0.916500,0.113100
2026/4/21 15:49:12.1029,-0.276900,-0.916500,0.117000
2026/4/21 15:49:12.1129,-0.276900,-0.916500,0.117000
2026/4/21 15:49:12.1229,-0.276900,-0.916500,0.109200
2026/4/21 15:49:12.1329,-0.276900,-0.916500,0.109200
2026/4/21 15:49:12.1429,-0.273000,-0.916500,0.113100
2026/4/21 15:49:12.1529,-0.273000,-0.920400,0.113100
2026/4/21 15:49:12.1629,-0.276900,-0.916500,0.109200
2026/4/21 15:49:12.1729,-0.276900,-0.920400,0.117000
2026/4/21 15:49:12.1829,-0.273000,-0.924300,0.113100
2026/4/21 15:49:12.1929,-0.273000,-0.920400,0.109200
2026/4/21 15:49:12.2029,-0.273000,-0.920400,0.113100
2026/4/21 15:49:12.2129,-0.276900,-0.920400,0.113100
2026/4/21 15:49:12.2229,-0.276900,-0.920400,0.109200
2026/4/21 15:49:12.2329,-0.276900,-0.916500,0.113100
2026/4/21 15:49:12.3549,-0.276900,-0.916500,0.113100
2026/4/21 15:49:12.3649,-0.273000,-0.920400,0.109200
2026/4/21 15:49:12.3749,-0.273000,-0.912600,0.117000
2026/4/21 15:49:12.3849,-0.273000,-0.920400,0.113100
2026/4/21 15:49:12.3949,-0.273000,-0.916500,0.113100
2026/4/21 15:49:12.4049,-0.276900,-0.916500,0.113100
2026/4/21 15:49:12.4149,-0.280800,-0.916500,0.113100
2026/4/21 15:49:12.4249,-0.276900,-0.916500,0.105300
2026/4/21 15:49:12.4349,-0.276900,-0.916500,0.113100
2026/4/21 15:49:12.4449,-0.276900,-0.920400,0.113100
2026/4/21 15:49:12.4549,-0.276900,-0.920400,0.113100
2026/4/21 15:49:12.4649,-0.276900,-0.924300,0.109200
2026/4/21 15:49:12.4749,-0.276900,-0.916500,0.109200
2026/4/21 15:49:12.4849,-0.276900,-0.916500,0.109200
2026/4/21 15:49:12.4949,-0.276900,-0.916500,0.109200
2026/4/21 15:49:12.5049,-0.276900,-0.916500,0.113100
2026/4/21 15:49:12.5149,-0.269100,-0.920400,0.109200
2026/4/21 15:49:12.5249,-0.276900,-0.916500,0.109200
2026/4/21 15:49:12.5349,-0.273000,-0.920400,0.117000
2026/4/21 15:49:12.5449,-0.276900,-0.916500,0.109200
2026/4/21 15:49:12.6669,-0.276900,-0.916500,0.109200
2026/4/21 15:49:12.6769,-0.276900,-0.920400,0.109200
2026/4/21 15:49:12.6869,-0.273000,-0.908700,0.120900
2026/4/21 15:49:12.6969,-0.276900,-0.920400,0.113100
2026/4/21 15:49:12.7069,-0.273000,-0.916500,0.109200
2026/4/21 15:49:12.7169,-0.269100,-0.920400,0.109200
2026/4/21 15:49:12.7269,-0.280800,-0.916500,0.109200
2026/4/21 15:49:12.7369,-0.280800,-0.916500,0.113100
2026/4/21 15:49:12.7469,-0.276900,-0.920400,0.109200
2026/4/21 15:49:12.7569,-0.276900,-0.920400,0.113100
2026/4/21 15:49:12.7669,-0.273000,-0.912600,0.117000
2026/4/21 15:49:12.7769,-0.273000,-0.916500,0.109200
2026/4/21 15:49:12.7869,-0.276900,-0.916500,0.113100
2026/4/21 15:49:12.7969,-0.273000,-0.920400,0.109200
2026/4/21 15:49:12.8069,-0.276900,-0.916500,0.113100
2026/4/21 15:49:12.8169,-0.276900,-0.920400,0.113100
2026/4/21 15:49:12.8269,-0.276900,-0.916500,0.109200
2026/4/21 15:49:12.8369,-0.276900,-0.920400,0.109200
2026/4/21 15:49:12.8469,-0.273000,-0.912600,0.109200
2026/4/21 15:49:12.8569,-0.273000,-0.924300,0.109200
2026/4/21 15:49:12.9789,-0.276900,-0.912600,0.109200
2026/4/21 15:49:12.9889,-0.276900,-0.916500,0.113100
2026/4/21 15:49:12.9989,-0.276900,-0.912600,0.117000
2026/4/21 15:49:13.0089,-0.276900,-0.920400,0.113100
2026/4/21 15:49:13.0189,-0.276900,-0.920400,0.109200
2026/4/21 15:49:13.0289,-0.276900,-0.920400,0.113100
2026/4/21 15:49:13.0389,-0.273000,-0.920400,0.109200
2026/4/21 15:49:13.0489,-0.280800,-0.912600,0.117000
2026/4/21 15:49:13.0589,-0.273000,-0.924300,0.113100
2026/4/21 15:49:13.0689,-0.276900,-0.916500,0.109200
2026/4/21 15:49:13.0789,-0.276900,-0.912600,0.109200
2026/4/21 15:49:13.0889,-0.276900,-0.920400,0.113100
2026/4/21 15:49:13.0989,-0.273000,-0.920400,0.105300
2026/4/21 15:49:13.1089,-0.273000,-0.920400,0.109200
2026/4/21 15:49:13.1189,-0.276900,-0.912600,0.109200
2026/4/21 15:49:13.1289,-0.276900,-0.916500,0.117000
2026/4/21 15:49:13.1389,-0.280800,-0.916500,0.109200
2026/4/21 15:49:13.1489,-0.280800,-0.912600,0.109200
2026/4/21 15:49:13.1589,-0.276900,-0.912600,0.113100
2026/4/21 15:49:13.1689,-0.276900,-0.920400,0.113100
2026/4/21 15:49:13.2909,-0.273000,-0.916500,0.109200
2026/4/21 15:49:13.3009,-0.276900,-0.924300,0.117000
2026/4/21 15:49:13.3109,-0.273000,-0.916500,0.113100
2026/4/21 15:49:13.3209,-0.276900,-0.916500,0.113100
2026/4/21 15:49:13.3309,-0.273000,-0.920400,0.109200
2026/4/21 15:49:13.3409,-0.276900,-0.916500,0.109200
2026/4/21 15:49:13.3509,-0.276900,-0.916500,0.109200
2026/4/21 15:49:13.3609,-0.273000,-0.920400,0.113100
2026/4/21 15:49:13.3709,-0.273000,-0.916500,0.109200
2026/4/21 15:49:13.3809,-0.276900,-0.920400,0.109200
2026/4/21 15:49:13.3909,-0.276900,-0.916500,0.105300
2026/4/21 15:49:13.4009,-0.273000,-0.916500,0.109200
2026/4/21 15:49:13.4109,-0.273000,-0.920400,0.113100
2026/4/21 15:49:13.4209,-0.276900,-0.920400,0.105300
2026/4/21 15:49:13.4309,-0.273000,-0.920400,0.113100
2026/4/21 15:49:13.4409,-0.276900,-0.912600,0.109200
2026/4/21 15:49:13.4509,-0.276900,-0.916500,0.109200
2026/4/21 15:49:13.4609,-0.273000,-0.920400,0.113100
2026/4/21 15:49:13.4709,-0.273000,-0.912600,0.113100
2026/4/21 15:49:13.4809,-0.280800,-0.916500,0.117000
2026/4/21 15:49:13.6029,-0.276900,-0.920400,0.117000
2026/4/21 15:49:13.6129,-0.276900,-0.916500,0.113100
2026/4/21 15:49:13.6229,-0.273000,-0.920400,0.117000
2026/4/21 15:49:13.6329,-0.273000,-0.916500,0.117000
2026/4/21 15:49:13.6429,-0.276900,-0.912600,0.113100
2026/4/21 15:49:13.6529,-0.276900,-0.916500,0.113100
2026/4/21 15:49:13.6629,-0.276900,-0.912600,0.109200
2026/4/21 15:49:13.6729,-0.280800,-0.920400,0.109200
2026/4/21 15:49:13.6829,-0.273000,-0.920400,0.105300
2026/4/21 15:49:13.6929,-0.276900,-0.924300,0.117000
2026/4/21 15:49:13.7029,-0.273000,-0.916500,0.117000
2026/4/21 15:49:13.7129,-0.276900,-0.916500,0.113100
2026/4/21 15:49:13.7229,-0.276900,-0.916500,0.113100
2026/4/21 15:49:13.7329,-0.276900,-0.916500,0.109200
2026/4/21 15:49:13.7429,-0.276900,-0.920400,0.109200
2026/4/21 15:49:13.7529,-0.273000,-0.916500,0.117000
2026/4/21 15:49:13.7629,-0.276900,-0.912600,0.113100
2026/4/21 15:49:13.7729,-0.280800,-0.916500,0.113100
2026/4/21 15:49:13.7829,-0.276900,-0.916500,0.109200
2026/4/21 15:49:13.7929,-0.276900,-0.916500,0.109200
2026/4/21 15:49:13.9149,-0.276900,-0.916500,0.113100
2026/4/21 15:49:13.9249,-0.276900,-0.916500,0.120900
2026/4/21 15:49:13.9349,-0.276900,-0.916500,0.117000
2026/4/21 15:49:13.9449,-0.280800,-0.916500,0.113100
2026/4/21 15:49:13.9549,-0.276900,-0.916500,0.113100
2026/4/21 15:49:13.9649,-0.280800,-0.916500,0.113100
2026/4/21 15:49:13.9749,-0.276900,-0.916500,0.109200
2026/4/21 15:49:13.9849,-0.273000,-0.916500,0.113100
2026/4/21 15:49:13.9949,-0.276900,-0.916500,0.105300
2026/4/21 15:49:14.0049,-0.276900,-0.924300,0.113100
2026/4/21 15:49:14.0149,-0.276900,-0.916500,0.109200
2026/4/21 15:49:14.0249,-0.276900,-0.920400,0.113100
2026/4/21 15:49:14.0349,-0.280800,-0.916500,0.113100
2026/4/21 15:49:14.0449,-0.273000,-0.916500,0.109200
2026/4/21 15:49:14.0549,-0.273000,-0.920400,0.109200
2026/4/21 15:49:14.0649,-0.276900,-0.916500,0.105300
2026/4/21 15:49:14.0749,-0.280800,-0.916500,0.113100
2026/4/21 15:49:14.0849,-0.276900,-0.916500,0.105300
2026/4/21 15:49:14.0949,-0.273000,-0.916500,0.109200
2026/4/21 15:49:14.1049,-0.273000,-0.920400,0.113100
2026/4/21 15:49:14.2269,-0.276900,-0.916500,0.109200
2026/4/21 15:49:14.2369,-0.269100,-0.912600,0.109200
2026/4/21 15:49:14.2469,-0.276900,-0.912600,0.113100
2026/4/21 15:49:14.2569,-0.276900,-0.916500,0.113100
2026/4/21 15:49:14.2669,-0.273000,-0.912600,0.113100
2026/4/21 15:49:14.2769,-0.276900,-0.916500,0.113100
2026/4/21 15:49:14.2869,-0.276900,-0.920400,0.109200
2026/4/21 15:49:14.2969,-0.273000,-0.916500,0.109200
2026/4/21 15:49:14.3069,-0.276900,-0.916500,0.109200
2026/4/21 15:49:14.3169,-0.276900,-0.916500,0.117000
2026/4/21 15:49:14.3269,-0.276900,-0.920400,0.109200
2026/4/21 15:49:14.3369,-0.276900,-0.916500,0.109200
2026/4/21 15:49:14.3469,-0.276900,-0.916500,0.113100
2026/4/21 15:49:14.3569,-0.276900,-0.916500,0.113100
2026/4/21 15:49:14.3669,-0.273000,-0.916500,0.113100
2026/4/21 15:49:14.3769,-0.280800,-0.912600,0.109200
2026/4/21 15:49:14.3869,-0.276900,-0.916500,0.109200
2026/4/21 15:49:14.3969,-0.280800,-0.912600,0.117000
2026/4/21 15:49:14.4069,-0.276900,-0.920400,0.109200
2026/4/21 15:49:14.4169,-0.273000,-0.920400,0.109200
2026/4/21 15:49:14.5389,-0.276900,-0.916500,0.109200
2026/4/21 15:49:14.5489,-0.273000,-0.912600,0.117000
2026/4/21 15:49:14.5589,-0.276900,-0.920400,0.113100
2026/4/21 15:49:14.5689,-0.276900,-0.920400,0.117000
2026/4/21 15:49:14.5789,-0.273000,-0.912600,0.109200
2026/4/21 15:49:14.5889,-0.280800,-0.920400,0.109200
2026/4/21 15:49:14.5989,-0.280800,-0.920400,0.113100
2026/4/21 15:49:14.6089,-0.276900,-0.920400,0.109200
2026/4/21 15:49:14.6189,-0.276900,-0.920400,0.109200
2026/4/21 15:49:14.6289,-0.273000,-0.916500,0.117000
2026/4/21 15:49:14.6389,-0.276900,-0.916500,0.109200
2026/4/21 15:49:14.6489,-0.276900,-0.912600,0.109200
2026/4/21 15:49:14.6589,-0.269100,-0.920400,0.113100
2026/4/21 15:49:14.6689,-0.276900,-0.920400,0.113100
2026/4/21 15:49:14.6789,-0.273000,-0.920400,0.113100
2026/4/21 15:49:14.6889,-0.276900,-0.920400,0.117000
2026/4/21 15:49:14.6989,-0.273000,-0.920400,0.113100
2026/4/21 15:49:14.7089,-0.276900,-0.916500,0.120900
2026/4/21 15:49:14.7189,-0.276900,-0.916500,0.109200
2026/4/21 15:49:14.7289,-0.276900,-0.916500,0.105300
2026/4/21 15:49:14.8509,-0.273000,-0.916500,0.109200
2026/4/21 15:49:14.8609,-0.273000,-0.916500,0.113100
2026/4/21 15:49:14.8709,-0.276900,-0.916500,0.109200
2026/4/21 15:49:14.8809,-0.273000,-0.920400,0.109200
2026/4/21 15:49:14.8909,-0.273000,-0.920400,0.113100
2026/4/21 15:49:14.9009,-0.280800,-0.916500,0.113100
2026/4/21 15:49:14.9109,-0.273000,-0.920400,0.113100
2026/4/21 15:49:14.9209,-0.276900,-0.912600,0.117000
2026/4/21 15:49:14.9309,-0.276900,-0.920400,0.113100
2026/4/21 15:49:14.9409,-0.273000,-0.916500,0.113100
2026/4/21 15:49:14.9509,-0.276900,-0.920400,0.113100
2026/4/21 15:49:14.9609,-0.276900,-0.920400,0.113100
2026/4/21 15:49:14.9709,-0.273000,-0.924300,0.113100
2026/4/21 15:49:14.9809,-0.276900,-0.920400,0.109200
2026/4/21 15:49:14.9909,-0.276900,-0.916500,0.113100
2026/4/21 15:49:15.0009,-0.276900,-0.920400,0.113100
2026/4/21 15:49:15.0109,-0.276900,-0.920400,0.113100
2026/4/21 15:49:15.0209,-0.273000,-0.912600,0.113100
2026/4/21 15:49:15.0309,-0.276900,-0.916500,0.109200
2026/4/21 15:49:15.0409,-0.276900,-0.912600,0.113100
2026/4/21 15:49:15.1629,-0.276900,-0.920400,0.113100
2026/4/21 15:49:15.1729,-0.276900,-0.916500,0.109200
2026/4/21 15:49:15.1829,-0.276900,-0.912600,0.113100
2026/4/21 15:49:15.1929,-0.273000,-0.912600,0.117000
2026/4/21 15:49:15.2029,-0.273000,-0.916500,0.109200
2026/4/21 15:49:15.2129,-0.273000,-0.916500,0.113100
2026/4/21 15:49:15.2229,-0.280800,-0.920400,0.109200
2026/4/21 15:49:15.2329,-0.276900,-0.916500,0.109200
2026/4/21 15:49:15.2429,-0.280800,-0.920400,0.113100
2026/4/21 15:49:15.2529,-0.273000,-0.916500,0.113100
2026/4/21 15:49:15.2629,-0.273000,-0.920400,0.109200
2026/4/21 15:49:15.2729,-0.276900,-0.916500,0.113100
2026/4/21 15:49:15.2829,-0.273000,-0.912600,0.105300
2026/4/21 15:49:15.2929,-0.276900,-0.916500,0.109200
2026/4/21 15:49:15.3029,-0.273000,-0.920400,0.117000
2026/4/21 15:49:15.3129,-0.269100,-0.920400,0.109200
2026/4/21 15:49:15.3229,-0.276900,-0.920400,0.113100
2026/4/21 15:49:15.3329,-0.273000,-0.920400,0.109200
2026/4/21 15:49:15.3429,-0.276900,-0.916500,0.109200
2026/4/21 15:49:15.3529,-0.276900,-0.920400,0.113100
2026/4/21 15:49:15.4749,-0.273000,-0.920400,0.109200
2026/4/21 15:49:15.4849,-0.280800,-0.920400,0.109200
2026/4/21 15:49:15.4949,-0.276900,-0.916500,0.109200
2026/4/21 15:49:15.5049,-0.276900,-0.916500,0.113100
2026/4/21 15:49:15.5149,-0.269100,-0.924300,0.109200
2026/4/21 15:49:15.5249,-0.276900,-0.916500,0.113100
2026/4/21 15:49:15.5349,-0.276900,-0.916500,0.113100
2026/4/21 15:49:15.5449,-0.276900,-0.920400,0.120900
2026/4/21 15:49:15.5549,-0.273000,-0.920400,0.113100
2026/4/21 15:49:15.5649,-0.273000,-0.912600,0.113100
2026/4/21 15:49:15.5749,-0.276900,-0.920400,0.109200
2026/4/21 15:49:15.5849,-0.276900,-0.916500,0.113100
2026/4/21 15:49:15.5949,-0.273000,-0.916500,0.109200
2026/4/21 15:49:15.6049,-0.276900,-0.916500,0.109200
2026/4/21 15:49:15.6149,-0.276900,-0.916500,0.109200
2026/4/21 15:49:15.6249,-0.280800,-0.916500,0.109200
2026/4/21 15:49:15.6349,-0.276900,-0.916500,0.113100
2026/4/21 15:49:15.6449,-0.273000,-0.920400,0.113100
2026/4/21 15:49:15.6549,-0.273000,-0.916500,0.113100
2026/4/21 15:49:15.6649,-0.273000,-0.916500,0.117000
2026/4/21 15:49:15.7869,-0.273000,-0.920400,0.113100
2026/4/21 15:49:15.7969,-0.280800,-0.916500,0.120900
2026/4/21 15:49:15.8069,-0.273000,-0.916500,0.113100
2026/4/21 15:49:15.8169,-0.273000,-0.912600,0.117000
2026/4/21 15:49:15.8269,-0.273000,-0.916500,0.105300
2026/4/21 15:49:15.8369,-0.276900,-0.920400,0.113100
2026/4/21 15:49:15.8469,-0.273000,-0.912600,0.109200
2026/4/21 15:49:15.8569,-0.276900,-0.916500,0.105300
2026/4/21 15:49:15.8669,-0.276900,-0.916500,0.113100
2026/4/21 15:49:15.8769,-0.276900,-0.920400,0.113100
2026/4/21 15:49:15.8869,-0.276900,-0.920400,0.109200
2026/4/21 15:49:15.8969,-0.276900,-0.916500,0.113100
2026/4/21 15:49:15.9069,-0.276900,-0.916500,0.113100
2026/4/21 15:49:15.9169,-0.276900,-0.912600,0.113100
2026/4/21 15:49:15.9269,-0.280800,-0.916500,0.113100
2026/4/21 15:49:15.9369,-0.276900,-0.920400,0.109200
2026/4/21 15:49:15.9469,-0.280800,-0.920400,0.113100
2026/4/21 15:49:15.9569,-0.273000,-0.916500,0.113100
2026/4/21 15:49:15.9669,-0.276900,-0.916500,0.113100
2026/4/21 15:49:15.9769,-0.273000,-0.916500,0.113100
2026/4/21 15:49:16.0989,-0.276900,-0.920400,0.109200
2026/4/21 15:49:16.1089,-0.276900,-0.916500,0.105300
2026/4/21 15:49:16.1189,-0.276900,-0.916500,0.113100
2026/4/21 15:49:16.1289,-0.269100,-0.916500,0.117000
2026/4/21 15:49:16.1389,-0.276900,-0.916500,0.113100
2026/4/21 15:49:16.1489,-0.276900,-0.920400,0.113100
2026/4/21 15:49:16.1589,-0.273000,-0.920400,0.113100
2026/4/21 15:49:16.1689,-0.273000,-0.916500,0.109200
2026/4/21 15:49:16.1789,-0.276900,-0.912600,0.113100
2026/4/21 15:49:16.1889,-0.273000,-0.916500,0.113100
2026/4/21 15:49:16.1989,-0.276900,-0.916500,0.109200
2026/4/21 15:49:16.2089,-0.273000,-0.916500,0.117000
2026/4/21 15:49:16.2189,-0.273000,-0.920400,0.117000
2026/4/21 15:49:16.2289,-0.276900,-0.916500,0.113100
2026/4/21 15:49:16.2389,-0.273000,-0.912600,0.117000
2026/4/21 15:49:16.2489,-0.273000,-0.916500,0.113100
2026/4/21 15:49:16.2589,-0.276900,-0.916500,0.117000
2026/4/21 15:49:16.2689,-0.273000,-0.920400,0.109200
2026/4/21 15:49:16.2789,-0.276900,-0.916500,0.109200
2026/4/21 15:49:16.2889,-0.273000,-0.920400,0.117000
2026/4/21 15:49:16.4109,-0.276900,-0.912600,0.109200
2026/4/21 15:49:16.4209,-0.276900,-0.920400,0.113100
2026/4/21 15:49:16.4309,-0.276900,-0.916500,0.113100
2026/4/21 15:49:16.4409,-0.276900,-0.916500,0.105300
2026/4/21 15:49:16.4509,-0.276900,-0.912600,0.109200
2026/4/21 15:49:16.4609,-0.276900,-0.916500,0.113100
2026/4/21 15:49:16.4709,-0.276900,-0.920400,0.109200
2026/4/21 15:49:16.4809,-0.276900,-0.916500,0.109200
2026/4/21 15:49:16.4909,-0.276900,-0.912600,0.109200
2026/4/21 15:49:16.5009,-0.276900,-0.912600,0.113100
2026/4/21 15:49:16.5109,-0.276900,-0.916500,0.109200
2026/4/21 15:49:16.5209,-0.273000,-0.916500,0.113100
2026/4/21 15:49:16.5309,-0.276900,-0.916500,0.105300
2026/4/21 15:49:16.5409,-0.276900,-0.916500,0.113100
2026/4/21 15:49:16.5509,-0.276900,-0.920400,0.113100
2026/4/21 15:49:16.5609,-0.276900,-0.916500,0.113100
2026/4/21 15:49:16.5709,-0.273000,-0.912600,0.113100
2026/4/21 15:49:16.5809,-0.273000,-0.916500,0.117000
2026/4/21 15:49:16.5909,-0.276900,-0.920400,0.113100
2026/4/21 15:49:16.6009,-0.276900,-0.912600,0.109200
2026/4/21 15:49:16.7229,-0.276900,-0.920400,0.109200
2026/4/21 15:49:16.7329,-0.276900,-0.920400,0.109200
2026/4/21 15:49:16.7429,-0.276900,-0.916500,0.105300
2026/4/21 15:49:16.7529,-0.276900,-0.916500,0.113100
2026/4/21 15:49:16.7629,-0.273000,-0.920400,0.113100
2026/4/21 15:49:16.7729,-0.273000,-0.916500,0.113100
2026/4/21 15:49:16.7829,-0.273000,-0.920400,0.113100
2026/4/21 15:49:16.7929,-0.276900,-0.916500,0.113100
2026/4/21 15:49:16.8029,-0.276900,-0.916500,0.113100
2026/4/21 15:49:16.8129,-0.276900,-0.916500,0.109200
2026/4/21 15:49:16.8229,-0.276900,-0.920400,0.109200
2026/4/21 15:49:16.8329,-0.276900,-0.916500,0.109200
2026/4/21 15:49:16.8429,-0.276900,-0.920400,0.113100
2026/4/21 15:49:16.8529,-0.269100,-0.916500,0.113100
2026/4/21 15:49:16.8629,-0.276900,-0.916500,0.109200
2026/4/21 15:49:16.8729,-0.276900,-0.916500,0.113100
2026/4/21 15:49:16.8829,-0.273000,-0.920400,0.113100
2026/4/21 15:49:16.8929,-0.273000,-0.916500,0.109200
2026/4/21 15:49:16.9029,-0.276900,-0.916500,0.109200
2026/4/21 15:49:16.9129,-0.276900,-0.924300,0.109200
2026/4/21 15:49:17.0349,-0.276900,-0.920400,0.113100
2026/4/21 15:49:17.0449,-0.276900,-0.924300,0.113100
2026/4/21 15:49:17.0549,-0.273000,-0.916500,0.109200
2026/4/21 15:49:17.0649,-0.276900,-0.924300,0.117000
2026/4/21 15:49:17.0749,-0.273000,-0.924300,0.109200
2026/4/21 15:49:17.0849,-0.276900,-0.924300,0.117000
2026/4/21 15:49:17.0949,-0.276900,-0.920400,0.113100
2026/4/21 15:49:17.1049,-0.276900,-0.920400,0.113100
2026/4/21 15:49:17.1149,-0.273000,-0.920400,0.109200
2026/4/21 15:49:17.1249,-0.276900,-0.916500,0.109200
2026/4/21 15:49:17.1349,-0.276900,-0.916500,0.117000
2026/4/21 15:49:17.1449,-0.273000,-0.920400,0.113100
2026/4/21 15:49:17.1549,-0.273000,-0.920400,0.109200
2026/4/21 15:49:17.1649,-0.273000,-0.916500,0.113100
2026/4/21 15:49:17.1749,-0.276900,-0.916500,0.113100
2026/4/21 15:49:17.1849,-0.273000,-0.916500,0.113100
2026/4/21 15:49:17.1949,-0.276900,-0.916500,0.109200
2026/4/21 15:49:17.2049,-0.273000,-0.920400,0.109200
2026/4/21 15:49:17.2149,-0.276900,-0.912600,0.109200
2026/4/21 15:49:17.2249,-0.276900,-0.920400,0.109200
2026/4/21 15:49:17.3469,-0.276900,-0.920400,0.113100
2026/4/21 15:49:17.3569,-0.276900,-0.916500,0.109200
2026/4/21 15:49:17.3669,-0.273000,-0.916500,0.109200
2026/4/21 15:49:17.3769,-0.276900,-0.924300,0.113100
2026/4/21 15:49:17.3869,-0.276900,-0.920400,0.117000
2026/4/21 15:49:17.3969,-0.273000,-0.920400,0.109200
2026/4/21 15:49:17.4069,-0.276900,-0.912600,0.109200
2026/4/21 15:49:17.4169,-0.276900,-0.916500,0.117000
2026/4/21 15:49:17.4269,-0.276900,-0.920400,0.117000
2026/4/21 15:49:17.4369,-0.276900,-0.920400,0.113100
2026/4/21 15:49:17.4469,-0.276900,-0.920400,0.113100
2026/4/21 15:49:17.4569,-0.276900,-0.920400,0.109200
2026/4/21 15:49:17.4669,-0.276900,-0.920400,0.113100
2026/4/21 15:49:17.4769,-0.276900,-0.912600,0.113100
2026/4/21 15:49:17.4869,-0.276900,-0.920400,0.109200
2026/4/21 15:49:17.4969,-0.273000,-0.916500,0.113100
2026/4/21 15:49:17.5069,-0.276900,-0.920400,0.109200
2026/4/21 15:49:17.5169,-0.273000,-0.920400,0.120900
2026/4/21 15:49:17.5269,-0.273000,-0.920400,0.109200
2026/4/21 15:49:17.5369,-0.276900,-0.920400,0.109200
2026/4/21 15:49:17.6589,-0.276900,-0.916500,0.109200
2026/4/21 15:49:17.6689,-0.273000,-0.920400,0.124800
2026/4/21 15:49:17.6789,-0.276900,-0.916500,0.109200
2026/4/21 15:49:17.6889,-0.273000,-0.920400,0.109200
2026/4/21 15:49:17.6989,-0.273000,-0.916500,0.113100
2026/4/21 15:49:17.7089,-0.273000,-0.916500,0.113100
2026/4/21 15:49:17.7189,-0.276900,-0.920400,0.109200
2026/4/21 15:49:17.7289,-0.269100,-0.916500,0.113100
2026/4/21 15:49:17.7389,-0.276900,-0.920400,0.113100
2026/4/21 15:49:17.7489,-0.280800,-0.912600,0.117000
2026/4/21 15:49:17.7589,-0.273000,-0.916500,0.113100
2026/4/21 15:49:17.7689,-0.276900,-0.916500,0.113100
2026/4/21 15:49:17.7789,-0.273000,-0.912600,0.120900
2026/4/21 15:49:17.7889,-0.273000,-0.916500,0.105300
2026/4/21 15:49:17.7989,-0.273000,-0.920400,0.105300
2026/4/21 15:49:17.8089,-0.273000,-0.916500,0.105300
2026/4/21 15:49:17.8189,-0.276900,-0.916500,0.109200
2026/4/21 15:49:17.8289,-0.276900,-0.916500,0.113100
2026/4/21 15:49:17.8389,-0.276900,-0.916500,0.109200
2026/4/21 15:49:17.8489,-0.273000,-0.920400,0.113100
2026/4/21 15:49:17.9709,-0.273000,-0.916500,0.109200
2026/4/21 15:49:17.9809,-0.273000,-0.920400,0.109200
2026/4/21 15:49:17.9909,-0.273000,-0.916500,0.117000
2026/4/21 15:49:18.0009,-0.276900,-0.916500,0.109200
2026/4/21 15:49:18.0109,-0.276900,-0.916500,0.105300
2026/4/21 15:49:18.0209,-0.276900,-0.920400,0.117000
2026/4/21 15:49:18.0309,-0.276900,-0.920400,0.109200
2026/4/21 15:49:18.0409,-0.276900,-0.920400,0.109200
2026/4/21 15:49:18.0509,-0.273000,-0.916500,0.109200
2026/4/21 15:49:18.0609,-0.273000,-0.916500,0.109200
2026/4/21 15:49:18.0709,-0.269100,-0.920400,0.113100
2026/4/21 15:49:18.0809,-0.273000,-0.924300,0.113100
2026/4/21 15:49:18.0909,-0.273000,-0.912600,0.113100
2026/4/21 15:49:18.1009,-0.276900,-0.912600,0.117000
2026/4/21 15:49:18.1109,-0.276900,-0.920400,0.113100
2026/4/21 15:49:18.1209,-0.273000,-0.916500,0.113100
2026/4/21 15:49:18.1309,-0.273000,-0.916500,0.109200
2026/4/21 15:49:18.1409,-0.273000,-0.916500,0.120900
2026/4/21 15:49:18.1509,-0.273000,-0.916500,0.109200
2026/4/21 15:49:18.1609,-0.273000,-0.916500,0.117000
2026/4/21 15:49:18.2829,-0.273000,-0.924300,0.109200
2026/4/21 15:49:18.2929,-0.269100,-0.916500,0.105300
2026/4/21 15:49:18.3029,-0.273000,-0.916500,0.109200
2026/4/21 15:49:18.3129,-0.276900,-0.916500,0.109200
2026/4/21 15:49:18.3229,-0.276900,-0.912600,0.109200
2026/4/21 15:49:18.3329,-0.276900,-0.912600,0.109200
2026/4/21 15:49:18.3429,-0.280800,-0.916500,0.117000
2026/4/21 15:49:18.3529,-0.276900,-0.916500,0.113100
2026/4/21 15:49:18.3629,-0.280800,-0.912600,0.117000
2026/4/21 15:49:18.3729,-0.276900,-0.912600,0.109200
2026/4/21 15:49:18.3829,-0.276900,-0.924300,0.113100
2026/4/21 15:49:18.3929,-0.276900,-0.916500,0.113100
2026/4/21 15:49:18.4029,-0.276900,-0.916500,0.109200
2026/4/21 15:49:18.4129,-0.273000,-0.916500,0.109200
2026/4/21 15:49:18.4229,-0.276900,-0.916500,0.117000
2026/4/21 15:49:18.4329,-0.276900,-0.916500,0.109200
2026/4/21 15:49:18.4429,-0.280800,-0.916500,0.109200
2026/4/21 15:49:18.4529,-0.280800,-0.916500,0.113100
2026/4/21 15:49:18.4629,-0.276900,-0.920400,0.113100
2026/4/21 15:49:18.4729,-0.276900,-0.920400,0.109200
2026/4/21 15:49:18.5949,-0.280800,-0.912600,0.109200
2026/4/21 15:49:18.6049,-0.273000,-0.920400,0.109200
2026/4/21 15:49:18.6149,-0.276900,-0.916500,0.113100
2026/4/21 15:49:18.6249,-0.276900,-0.912600,0.109200
2026/4/21 15:49:18.6349,-0.276900,-0.920400,0.109200
2026/4/21 15:49:18.6449,-0.276900,-0.920400,0.109200
2026/4/21 15:49:18.6549,-0.276900,-0.920400,0.117000
2026/4/21 15:49:18.6649,-0.276900,-0.920400,0.109200
2026/4/21 15:49:18.6749,-0.273000,-0.916500,0.117000
2026/4/21 15:49:18.6849,-0.276900,-0.920400,0.109200
2026/4/21 15:49:18.6949,-0.280800,-0.912600,0.113100
2026/4/21 15:49:18.7049,-0.276900,-0.916500,0.105300
2026/4/21 15:49:18.7149,-0.276900,-0.916500,0.113100
2026/4/21 15:49:18.7249,-0.276900,-0.916500,0.109200
2026/4/21 15:49:18.7349,-0.276900,-0.916500,0.109200
2026/4/21 15:49:18.7449,-0.276900,-0.916500,0.105300
2026/4/21 15:49:18.7549,-0.276900,-0.916500,0.113100
2026/4/21 15:49:18.7649,-0.276900,-0.920400,0.105300
2026/4/21 15:49:18.7749,-0.276900,-0.912600,0.113100
2026/4/21 15:49:18.7849,-0.276900,-0.920400,0.113100
2026/4/21 15:49:18.9069,-0.273000,-0.916500,0.109200
2026/4/21 15:49:18.9169,-0.276900,-0.912600,0.109200
2026/4/21 15:49:18.9269,-0.273000,-0.920400,0.113100
2026/4/21 15:49:18.9369,-0.276900,-0.912600,0.113100
2026/4/21 15:49:18.9469,-0.276900,-0.920400,0.113100
2026/4/21 15:49:18.9569,-0.273000,-0.920400,0.109200
2026/4/21 15:49:18.9669,-0.276900,-0.916500,0.105300
2026/4/21 15:49:18.9769,-0.276900,-0.920400,0.109200
2026/4/21 15:49:18.9869,-0.276900,-0.920400,0.113100
2026/4/21 15:49:18.9969,-0.276900,-0.920400,0.113100
2026/4/21 15:49:19.0069,-0.273000,-0.924300,0.113100
2026/4/21 15:49:19.0169,-0.276900,-0.920400,0.109200
2026/4/21 15:49:19.0269,-0.276900,-0.916500,0.113100
2026/4/21 15:49:19.0369,-0.276900,-0.920400,0.109200
2026/4/21 15:49:19.0469,-0.276900,-0.912600,0.109200
2026/4/21 15:49:19.0569,-0.276900,-0.920400,0.113100
2026/4/21 15:49:19.0669,-0.276900,-0.916500,0.109200
2026/4/21 15:49:19.0769,-0.276900,-0.920400,0.109200
2026/4/21 15:49:19.0869,-0.273000,-0.920400,0.105300
2026/4/21 15:49:19.0969,-0.276900,-0.912600,0.113100
2026/4/21 15:49:19.2189,-0.273000,-0.920400,0.113100
2026/4/21 15:49:19.2289,-0.276900,-0.920400,0.113100
2026/4/21 15:49:19.2389,-0.273000,-0.920400,0.117000
2026/4/21 15:49:19.2489,-0.273000,-0.916500,0.113100
2026/4/21 15:49:19.2589,-0.280800,-0.916500,0.117000
2026/4/21 15:49:19.2689,-0.273000,-0.920400,0.120900
2026/4/21 15:49:19.2789,-0.273000,-0.916500,0.109200
2026/4/21 15:49:19.2889,-0.276900,-0.920400,0.109200
2026/4/21 15:49:19.2989,-0.273000,-0.908700,0.117000
2026/4/21 15:49:19.3089,-0.276900,-0.920400,0.117000
2026/4/21 15:49:19.3189,-0.276900,-0.916500,0.113100
2026/4/21 15:49:19.3289,-0.273000,-0.916500,0.109200
2026/4/21 15:49:19.3389,-0.276900,-0.916500,0.113100
2026/4/21 15:49:19.3489,-0.273000,-0.920400,0.117000
2026/4/21 15:49:19.3589,-0.269100,-0.920400,0.113100
2026/4/21 15:49:19.3689,-0.276900,-0.920400,0.117000
2026/4/21 15:49:19.3789,-0.280800,-0.916500,0.113100
2026/4/21 15:49:19.3889,-0.276900,-0.916500,0.113100
2026/4/21 15:49:19.3989,-0.276900,-0.920400,0.109200
2026/4/21 15:49:19.4089,-0.276900,-0.916500,0.113100
2026/4/21 15:49:19.5309,-0.276900,-0.916500,0.109200
2026/4/21 15:49:19.5409,-0.276900,-0.912600,0.105300
2026/4/21 15:49:19.5509,-0.276900,-0.912600,0.113100
2026/4/21 15:49:19.5609,-0.273000,-0.916500,0.105300
2026/4/21 15:49:19.5709,-0.276900,-0.916500,0.109200
2026/4/21 15:49:19.5809,-0.273000,-0.916500,0.113100
2026/4/21 15:49:19.5909,-0.273000,-0.920400,0.113100
2026/4/21 15:49:19.6009,-0.273000,-0.920400,0.113100
2026/4/21 15:49:19.6109,-0.273000,-0.916500,0.113100
2026/4/21 15:49:19.6209,-0.273000,-0.920400,0.109200
2026/4/21 15:49:19.6309,-0.276900,-0.916500,0.117000
2026/4/21 15:49:19.6409,-0.276900,-0.920400,0.117000
2026/4/21 15:49:19.6509,-0.276900,-0.920400,0.105300
2026/4/21 15:49:19.6609,-0.273000,-0.916500,0.117000
2026/4/21 15:49:19.6709,-0.273000,-0.920400,0.113100
2026/4/21 15:49:19.6809,-0.276900,-0.920400,0.113100
2026/4/21 15:49:19.6909,-0.273000,-0.916500,0.113100
2026/4/21 15:49:19.7009,-0.276900,-0.912600,0.109200
2026/4/21 15:49:19.7109,-0.273000,-0.916500,0.117000
2026/4/21 15:49:19.7209,-0.273000,-0.920400,0.109200
2026/4/21 15:49:19.8429,-0.273000,-0.924300,0.113100
2026/4/21 15:49:19.8529,-0.280800,-0.916500,0.109200
2026/4/21 15:49:19.8629,-0.276900,-0.916500,0.109200
2026/4/21 15:49:19.8729,-0.280800,-0.916500,0.109200
2026/4/21 15:49:19.8829,-0.276900,-0.920400,0.109200
2026/4/21 15:49:19.8929,-0.273000,-0.920400,0.113100
2026/4/21 15:49:19.9029,-0.276900,-0.916500,0.105300
2026/4/21 15:49:19.9129,-0.280800,-0.916500,0.109200
2026/4/21 15:49:19.9229,-0.276900,-0.916500,0.113100
2026/4/21 15:49:19.9329,-0.276900,-0.916500,0.113100
2026/4/21 15:49:19.9429,-0.276900,-0.912600,0.109200
2026/4/21 15:49:19.9529,-0.276900,-0.916500,0.113100
2026/4/21 15:49:19.9629,-0.280800,-0.916500,0.113100
2026/4/21 15:49:19.9729,-0.276900,-0.920400,0.109200
2026/4/21 15:49:19.9829,-0.273000,-0.920400,0.105300
2026/4/21 15:49:19.9929,-0.273000,-0.916500,0.120900
2026/4/21 15:49:20.0029,-0.276900,-0.920400,0.109200
2026/4/21 15:49:20.0129,-0.276900,-0.920400,0.117000
2026/4/21 15:49:20.0229,-0.276900,-0.916500,0.109200
2026/4/21 15:49:20.0329,-0.280800,-0.916500,0.113100
2026/4/21 15:49:20.1549,-0.276900,-0.920400,0.113100
2026/4/21 15:49:20.1649,-0.273000,-0.916500,0.113100
2026/4/21 15:49:20.1749,-0.276900,-0.920400,0.113100
2026/4/21 15:49:20.1849,-0.273000,-0.920400,0.109200
2026/4/21 15:49:20.1949,-0.280800,-0.912600,0.113100
2026/4/21 15:49:20.2049,-0.276900,-0.920400,0.113100
2026/4/21 15:49:20.2149,-0.276900,-0.916500,0.109200
2026/4/21 15:49:20.2249,-0.276900,-0.916500,0.109200
2026/4/21 15:49:20.2349,-0.276900,-0.920400,0.117000
2026/4/21 15:49:20.2449,-0.273000,-0.920400,0.109200
2026/4/21 15:49:20.2549,-0.276900,-0.912600,0.109200
2026/4/21 15:49:20.2649,-0.276900,-0.920400,0.109200
2026/4/21 15:49:20.2749,-0.280800,-0.916500,0.113100
2026/4/21 15:49:20.2849,-0.273000,-0.920400,0.113100
2026/4/21 15:49:20.2949,-0.280800,-0.920400,0.117000
2026/4/21 15:49:20.3049,-0.273000,-0.920400,0.109200
2026/4/21 15:49:20.3149,-0.276900,-0.920400,0.109200
2026/4/21 15:49:20.3249,-0.276900,-0.916500,0.113100
2026/4/21 15:49:20.3349,-0.276900,-0.920400,0.109200
2026/4/21 15:49:20.3449,-0.276900,-0.920400,0.113100
2026/4/21 15:49:20.4669,-0.276900,-0.920400,0.109200
2026/4/21 15:49:20.4769,-0.276900,-0.912600,0.109200
2026/4/21 15:49:20.4869,-0.280800,-0.916500,0.113100
2026/4/21 15:49:20.4969,-0.273000,-0.920400,0.113100
2026/4/21 15:49:20.5069,-0.276900,-0.920400,0.117000
2026/4/21 15:49:20.5169,-0.273000,-0.916500,0.113100
2026/4/21 15:49:20.5269,-0.273000,-0.916500,0.105300
2026/4/21 15:49:20.5369,-0.276900,-0.920400,0.109200
2026/4/21 15:49:20.5469,-0.273000,-0.920400,0.113100
2026/4/21 15:49:20.5569,-0.273000,-0.920400,0.113100
2026/4/21 15:49:20.5669,-0.276900,-0.916500,0.109200
2026/4/21 15:49:20.5769,-0.273000,-0.920400,0.113100
2026/4/21 15:49:20.5869,-0.273000,-0.916500,0.109200
2026/4/21 15:49:20.5969,-0.276900,-0.916500,0.117000
2026/4/21 15:49:20.6069,-0.273000,-0.916500,0.109200
2026/4/21 15:49:20.6169,-0.273000,-0.916500,0.113100
2026/4/21 15:49:20.6269,-0.276900,-0.916500,0.113100
2026/4/21 15:49:20.6369,-0.276900,-0.920400,0.113100
2026/4/21 15:49:20.6469,-0.273000,-0.916500,0.109200
2026/4/21 15:49:20.6569,-0.276900,-0.916500,0.113100
2026/4/21 15:49:20.7789,-0.273000,-0.916500,0.113100
2026/4/21 15:49:20.7889,-0.273000,-0.916500,0.113100
2026/4/21 15:49:20.7989,-0.273000,-0.916500,0.113100
2026/4/21 15:49:20.8089,-0.273000,-0.916500,0.113100
2026/4/21 15:49:20.8189,-0.276900,-0.916500,0.109200
2026/4/21 15:49:20.8289,-0.276900,-0.912600,0.109200
2026/4/21 15:49:20.8389,-0.273000,-0.912600,0.109200
2026/4/21 15:49:20.8489,-0.276900,-0.920400,0.113100
2026/4/21 15:49:20.8589,-0.273000,-0.920400,0.113100
2026/4/21 15:49:20.8689,-0.273000,-0.916500,0.113100
2026/4/21 15:49:20.8789,-0.273000,-0.920400,0.109200
2026/4/21 15:49:20.8889,-0.273000,-0.916500,0.120900
2026/4/21 15:49:20.8989,-0.273000,-0.920400,0.109200
2026/4/21 15:49:20.9089,-0.276900,-0.916500,0.117000
2026/4/21 15:49:20.9189,-0.276900,-0.920400,0.109200
2026/4/21 15:49:20.9289,-0.276900,-0.916500,0.109200
2026/4/21 15:49:20.9389,-0.273000,-0.916500,0.113100
2026/4/21 15:49:20.9489,-0.276900,-0.916500,0.109200
2026/4/21 15:49:20.9589,-0.273000,-0.920400,0.113100
2026/4/21 15:49:20.9689,-0.276900,-0.916500,0.109200
2026/4/21 15:49:21.0909,-0.276900,-0.916500,0.113100
2026/4/21 15:49:21.1009,-0.273000,-0.920400,0.113100
2026/4/21 15:49:21.1109,-0.273000,-0.920400,0.113100
2026/4/21 15:49:21.1209,-0.269100,-0.916500,0.109200
2026/4/21 15:49:21.1309,-0.273000,-0.912600,0.113100
2026/4/21 15:49:21.1409,-0.276900,-0.920400,0.109200
2026/4/21 15:49:21.1509,-0.280800,-0.920400,0.113100
2026/4/21 15:49:21.1609,-0.273000,-0.920400,0.105300
2026/4/21 15:49:21.1709,-0.273000,-0.920400,0.109200
2026/4/21 15:49:21.1809,-0.276900,-0.912600,0.113100
2026/4/21 15:49:21.1909,-0.273000,-0.916500,0.109200
2026/4/21 15:49:21.2009,-0.265200,-0.916500,0.117000
2026/4/21 15:49:21.2109,-0.273000,-0.916500,0.117000
2026/4/21 15:49:21.2209,-0.276900,-0.916500,0.109200
2026/4/21 15:49:21.2309,-0.273000,-0.920400,0.109200
2026/4/21 15:49:21.2409,-0.273000,-0.920400,0.109200
2026/4/21 15:49:21.2509,-0.273000,-0.908700,0.120900
2026/4/21 15:49:21.2609,-0.276900,-0.920400,0.109200
2026/4/21 15:49:21.2709,-0.276900,-0.916500,0.113100
2026/4/21 15:49:21.2809,-0.265200,-0.920400,0.109200
2026/4/21 15:49:21.4029,-0.276900,-0.916500,0.109200
2026/4/21 15:49:21.4129,-0.276900,-0.920400,0.109200
2026/4/21 15:49:21.4229,-0.273000,-0.920400,0.113100
2026/4/21 15:49:21.4329,-0.273000,-0.920400,0.113100
2026/4/21 15:49:21.4429,-0.273000,-0.920400,0.109200
2026/4/21 15:49:21.4529,-0.273000,-0.916500,0.113100
2026/4/21 15:49:21.4629,-0.276900,-0.916500,0.109200
2026/4/21 15:49:21.4729,-0.276900,-0.912600,0.109200
2026/4/21 15:49:21.4829,-0.273000,-0.916500,0.109200
2026/4/21 15:49:21.4929,-0.273000,-0.920400,0.109200
2026/4/21 15:49:21.5029,-0.276900,-0.912600,0.117000
2026/4/21 15:49:21.5129,-0.276900,-0.920400,0.109200
2026/4/21 15:49:21.5229,-0.273000,-0.920400,0.109200
2026/4/21 15:49:21.5329,-0.273000,-0.912600,0.113100
2026/4/21 15:49:21.5429,-0.276900,-0.912600,0.117000
2026/4/21 15:49:21.5529,-0.276900,-0.916500,0.109200
2026/4/21 15:49:21.5629,-0.273000,-0.924300,0.109200
2026/4/21 15:49:21.5729,-0.269100,-0.920400,0.109200
2026/4/21 15:49:21.5829,-0.276900,-0.916500,0.120900
2026/4/21 15:49:21.5929,-0.276900,-0.920400,0.109200
2026/4/21 15:49:21.7149,-0.276900,-0.912600,0.113100
2026/4/21 15:49:21.7249,-0.276900,-0.916500,0.109200
2026/4/21 15:49:21.7349,-0.273000,-0.920400,0.113100
2026/4/21 15:49:21.7449,-0.276900,-0.916500,0.113100
2026/4/21 15:49:21.7549,-0.276900,-0.912600,0.117000
2026/4/21 15:49:21.7649,-0.276900,-0.912600,0.113100
2026/4/21 15:49:21.7749,-0.276900,-0.916500,0.113100
2026/4/21 15:49:21.7849,-0.280800,-0.920400,0.113100
2026/4/21 15:49:21.7949,-0.276900,-0.916500,0.109200
2026/4/21 15:49:21.8049,-0.276900,-0.912600,0.113100
2026/4/21 15:49:21.8149,-0.276900,-0.916500,0.109200
2026/4/21 15:49:21.8249,-0.280800,-0.916500,0.113100
2026/4/21 15:49:21.8349,-0.273000,-0.916500,0.113100
2026/4/21 15:49:21.8449,-0.273000,-0.920400,0.113100
2026/4/21 15:49:21.8549,-0.276900,-0.916500,0.113100
2026/4/21 15:49:21.8649,-0.276900,-0.920400,0.117000
2026/4/21 15:49:21.8749,-0.276900,-0.920400,0.109200
2026/4/21 15:49:21.8849,-0.273000,-0.916500,0.117000
2026/4/21 15:49:21.8949,-0.273000,-0.916500,0.109200
2026/4/21 15:49:21.9049,-0.276900,-0.916500,0.113100
2026/4/21 15:49:22.0269,-0.273000,-0.916500,0.113100
2026/4/21 15:49:22.0369,-0.280800,-0.912600,0.113100
2026/4/21 15:49:22.0469,-0.276900,-0.916500,0.109200
2026/4/21 15:49:22.0569,-0.276900,-0.916500,0.109200
2026/4/21 15:49:22.0669,-0.276900,-0.920400,0.113100
2026/4/21 15:49:22.0769,-0.273000,-0.916500,0.109200
2026/4/21 15:49:22.0869,-0.273000,-0.916500,0.109200
2026/4/21 15:49:22.0969,-0.276900,-0.920400,0.113100
2026/4/21 15:49:22.1069,-0.276900,-0.916500,0.109200
2026/4/21 15:49:22.1169,-0.276900,-0.916500,0.109200
2026/4/21 15:49:22.1269,-0.280800,-0.924300,0.117000
2026/4/21 15:49:22.1369,-0.273000,-0.916500,0.113100
2026/4/21 15:49:22.1469,-0.276900,-0.920400,0.113100
2026/4/21 15:49:22.1569,-0.276900,-0.916500,0.105300
2026/4/21 15:49:22.1669,-0.276900,-0.920400,0.113100
2026/4/21 15:49:22.1769,-0.273000,-0.912600,0.109200
2026/4/21 15:49:22.1869,-0.273000,-0.916500,0.113100
2026/4/21 15:49:22.1969,-0.273000,-0.916500,0.113100
2026/4/21 15:49:22.2069,-0.273000,-0.916500,0.109200
2026/4/21 15:49:22.2169,-0.273000,-0.916500,0.109200
2026/4/21 15:49:22.3389,-0.269100,-0.920400,0.109200
2026/4/21 15:49:22.3489,-0.265200,-0.916500,0.105300
2026/4/21 15:49:22.3589,-0.273000,-0.916500,0.113100
2026/4/21 15:49:22.3689,-0.273000,-0.920400,0.113100
2026/4/21 15:49:22.3789,-0.269100,-0.916500,0.109200
2026/4/21 15:49:22.3889,-0.276900,-0.916500,0.113100
2026/4/21 15:49:22.3989,-0.276900,-0.912600,0.113100
2026/4/21 15:49:22.4089,-0.276900,-0.920400,0.113100
2026/4/21 15:49:22.4189,-0.276900,-0.920400,0.109200
2026/4/21 15:49:22.4289,-0.273000,-0.916500,0.117000
2026/4/21 15:49:22.4389,-0.276900,-0.920400,0.113100
2026/4/21 15:49:22.4489,-0.280800,-0.916500,0.113100
2026/4/21 15:49:22.4589,-0.273000,-0.916500,0.109200
2026/4/21 15:49:22.4689,-0.273000,-0.920400,0.113100
2026/4/21 15:49:22.4789,-0.276900,-0.924300,0.109200
2026/4/21 15:49:22.4889,-0.273000,-0.920400,0.113100
2026/4/21 15:49:22.4989,-0.276900,-0.916500,0.109200
2026/4/21 15:49:22.5089,-0.273000,-0.920400,0.109200
2026/4/21 15:49:22.5189,-0.273000,-0.916500,0.109200
2026/4/21 15:49:22.5289,-0.273000,-0.916500,0.109200
2026/4/21 15:49:22.6509,-0.276900,-0.920400,0.113100
2026/4/21 15:49:22.6609,-0.276900,-0.920400,0.109200
2026/4/21 15:49:22.6709,-0.276900,-0.920400,0.113100
2026/4/21 15:49:22.6809,-0.273000,-0.920400,0.117000
2026/4/21 15:49:22.6909,-0.269100,-0.920400,0.113100
2026/4/21 15:49:22.7009,-0.273000,-0.920400,0.113100
2026/4/21 15:49:22.7109,-0.269100,-0.916500,0.105300
2026/4/21 15:49:22.7209,-0.276900,-0.912600,0.109200
2026/4/21 15:49:22.7309,-0.280800,-0.916500,0.113100
2026/4/21 15:49:22.7409,-0.273000,-0.920400,0.113100
2026/4/21 15:49:22.7509,-0.273000,-0.916500,0.113100
2026/4/21 15:49:22.7609,-0.269100,-0.912600,0.117000
2026/4/21 15:49:22.7709,-0.276900,-0.916500,0.113100
2026/4/21 15:49:22.7809,-0.276900,-0.916500,0.113100
2026/4/21 15:49:22.7909,-0.273000,-0.916500,0.109200
2026/4/21 15:49:22.8009,-0.276900,-0.916500,0.113100
2026/4/21 15:49:22.8109,-0.273000,-0.916500,0.117000
2026/4/21 15:49:22.8209,-0.276900,-0.912600,0.109200
2026/4/21 15:49:22.8309,-0.273000,-0.916500,0.109200
2026/4/21 15:49:22.8409,-0.273000,-0.912600,0.113100
2026/4/21 15:49:22.9629,-0.276900,-0.916500,0.105300
2026/4/21 15:49:22.9729,-0.276900,-0.920400,0.113100
2026/4/21 15:49:22.9829,-0.276900,-0.920400,0.109200
2026/4/21 15:49:22.9929,-0.273000,-0.920400,0.113100
2026/4/21 15:49:23.0029,-0.273000,-0.916500,0.109200
2026/4/21 15:49:23.0129,-0.276900,-0.920400,0.105300
2026/4/21 15:49:23.0229,-0.276900,-0.916500,0.109200
2026/4/21 15:49:23.0329,-0.273000,-0.916500,0.113100
2026/4/21 15:49:23.0429,-0.273000,-0.912600,0.109200
2026/4/21 15:49:23.0529,-0.273000,-0.924300,0.113100
2026/4/21 15:49:23.0629,-0.276900,-0.916500,0.109200
2026/4/21 15:49:23.0729,-0.276900,-0.920400,0.109200
2026/4/21 15:49:23.0829,-0.273000,-0.920400,0.113100
2026/4/21 15:49:23.0929,-0.276900,-0.912600,0.117000
2026/4/21 15:49:23.1029,-0.276900,-0.916500,0.109200
2026/4/21 15:49:23.1129,-0.276900,-0.916500,0.113100
2026/4/21 15:49:23.1229,-0.276900,-0.912600,0.117000
2026/4/21 15:49:23.1329,-0.276900,-0.916500,0.113100
2026/4/21 15:49:23.1429,-0.269100,-0.916500,0.117000
2026/4/21 15:49:23.1529,-0.273000,-0.916500,0.113100
2026/4/21 15:49:23.2749,-0.276900,-0.916500,0.113100
2026/4/21 15:49:23.2849,-0.273000,-0.916500,0.109200
2026/4/21 15:49:23.2949,-0.276900,-0.916500,0.105300
2026/4/21 15:49:23.3049,-0.273000,-0.920400,0.109200
2026/4/21 15:49:23.3149,-0.276900,-0.920400,0.117000
2026/4/21 15:49:23.3249,-0.273000,-0.916500,0.113100
2026/4/21 15:49:23.3349,-0.273000,-0.916500,0.113100
2026/4/21 15:49:23.3449,-0.273000,-0.916500,0.113100
2026/4/21 15:49:23.3549,-0.276900,-0.920400,0.113100
2026/4/21 15:49:23.3649,-0.276900,-0.920400,0.109200
2026/4/21 15:49:23.3749,-0.273000,-0.920400,0.109200
2026/4/21 15:49:23.3849,-0.273000,-0.924300,0.109200
2026/4/21 15:49:23.3949,-0.273000,-0.916500,0.113100
2026/4/21 15:49:23.4049,-0.276900,-0.924300,0.105300
2026/4/21 15:49:23.4149,-0.276900,-0.920400,0.117000
2026/4/21 15:49:23.4249,-0.276900,-0.916500,0.117000
2026/4/21 15:49:23.4349,-0.276900,-0.916500,0.105300
2026/4/21 15:49:23.4449,-0.276900,-0.924300,0.113100
2026/4/21 15:49:23.4549,-0.273000,-0.920400,0.113100
2026/4/21 15:49:23.4649,-0.273000,-0.916500,0.113100
2026/4/21 15:49:23.5869,-0.273000,-0.912600,0.109200
2026/4/21 15:49:23.5969,-0.273000,-0.920400,0.109200
2026/4/21 15:49:23.6069,-0.273000,-0.920400,0.109200
2026/4/21 15:49:23.6169,-0.276900,-0.916500,0.109200
2026/4/21 15:49:23.6269,-0.280800,-0.916500,0.113100
2026/4/21 15:49:23.6369,-0.273000,-0.916500,0.117000
2026/4/21 15:49:23.6469,-0.276900,-0.920400,0.113100
2026/4/21 15:49:23.6569,-0.273000,-0.916500,0.113100
2026/4/21 15:49:23.6669,-0.276900,-0.920400,0.113100
2026/4/21 15:49:23.6769,-0.276900,-0.920400,0.109200
2026/4/21 15:49:23.6869,-0.273000,-0.920400,0.109200
2026/4/21 15:49:23.6969,-0.273000,-0.920400,0.113100
2026/4/21 15:49:23.7069,-0.280800,-0.916500,0.117000
2026/4/21 15:49:23.7169,-0.280800,-0.920400,0.113100
2026/4/21 15:49:23.7269,-0.276900,-0.916500,0.113100
2026/4/21 15:49:23.7369,-0.276900,-0.920400,0.109200
2026/4/21 15:49:23.7469,-0.273000,-0.920400,0.113100
2026/4/21 15:49:23.7569,-0.273000,-0.924300,0.113100
2026/4/21 15:49:23.7669,-0.276900,-0.920400,0.109200
2026/4/21 15:49:23.7769,-0.276900,-0.920400,0.109200
2026/4/21 15:49:23.8989,-0.276900,-0.920400,0.113100
2026/4/21 15:49:23.9089,-0.269100,-0.924300,0.105300
2026/4/21 15:49:23.9189,-0.280800,-0.916500,0.109200
2026/4/21 15:49:23.9289,-0.276900,-0.920400,0.117000
2026/4/21 15:49:23.9389,-0.273000,-0.920400,0.113100
2026/4/21 15:49:23.9489,-0.273000,-0.920400,0.109200
2026/4/21 15:49:23.9589,-0.273000,-0.912600,0.120900
2026/4/21 15:49:23.9689,-0.273000,-0.916500,0.109200
2026/4/21 15:49:23.9789,-0.276900,-0.916500,0.109200
2026/4/21 15:49:23.9889,-0.273000,-0.920400,0.109200
2026/4/21 15:49:23.9989,-0.276900,-0.916500,0.113100
2026/4/21 15:49:24.0089,-0.273000,-0.920400,0.109200
2026/4/21 15:49:24.0189,-0.276900,-0.916500,0.113100
2026/4/21 15:49:24.0289,-0.276900,-0.920400,0.113100
2026/4/21 15:49:24.0389,-0.276900,-0.916500,0.109200
2026/4/21 15:49:24.0489,-0.273000,-0.916500,0.109200
2026/4/21 15:49:24.0589,-0.276900,-0.916500,0.109200
2026/4/21 15:49:24.0689,-0.273000,-0.920400,0.109200
2026/4/21 15:49:24.0789,-0.276900,-0.916500,0.113100
2026/4/21 15:49:24.0889,-0.273000,-0.916500,0.113100
2026/4/21 15:49:24.2109,-0.280800,-0.920400,0.117000
2026/4/21 15:49:24.2209,-0.276900,-0.916500,0.113100
2026/4/21 15:49:24.2309,-0.276900,-0.920400,0.113100
2026/4/21 15:49:24.2409,-0.273000,-0.916500,0.113100
2026/4/21 15:49:24.2509,-0.273000,-0.920400,0.109200
2026/4/21 15:49:24.2609,-0.276900,-0.916500,0.105300
2026/4/21 15:49:24.2709,-0.269100,-0.920400,0.101400
2026/4/21 15:49:24.2809,-0.273000,-0.912600,0.109200
2026/4/21 15:49:24.2909,-0.273000,-0.916500,0.117000
2026/4/21 15:49:24.3009,-0.276900,-0.916500,0.109200
2026/4/21 15:49:24.3109,-0.276900,-0.916500,0.113100
2026/4/21 15:49:24.3209,-0.269100,-0.912600,0.113100
2026/4/21 15:49:24.3309,-0.273000,-0.924300,0.117000
2026/4/21 15:49:24.3409,-0.276900,-0.920400,0.113100
2026/4/21 15:49:24.3509,-0.273000,-0.916500,0.113100
2026/4/21 15:49:24.3609,-0.273000,-0.912600,0.113100
2026/4/21 15:49:24.3709,-0.273000,-0.916500,0.124800
2026/4/21 15:49:24.3809,-0.276900,-0.912600,0.113100
2026/4/21 15:49:24.3909,-0.273000,-0.916500,0.113100
2026/4/21 15:49:24.4009,-0.273000,-0.920400,0.109200
2026/4/21 15:49:24.5229,-0.280800,-0.916500,0.109200
2026/4/21 15:49:24.5329,-0.269100,-0.920400,0.113100
2026/4/21 15:49:24.5429,-0.276900,-0.916500,0.113100
2026/4/21 15:49:24.5529,-0.276900,-0.920400,0.117000
2026/4/21 15:49:24.5629,-0.273000,-0.920400,0.109200
2026/4/21 15:49:24.5729,-0.273000,-0.920400,0.117000
2026/4/21 15:49:24.5829,-0.276900,-0.916500,0.109200
2026/4/21 15:49:24.5929,-0.276900,-0.920400,0.113100
2026/4/21 15:49:24.6029,-0.265200,-0.924300,0.105300
2026/4/21 15:49:24.6129,-0.276900,-0.916500,0.113100
2026/4/21 15:49:24.6229,-0.273000,-0.920400,0.109200
2026/4/21 15:49:24.6329,-0.273000,-0.920400,0.109200
2026/4/21 15:49:24.6429,-0.276900,-0.916500,0.109200
2026/4/21 15:49:24.6529,-0.276900,-0.912600,0.117000
2026/4/21 15:49:24.6629,-0.276900,-0.912600,0.117000
2026/4/21 15:49:24.6729,-0.276900,-0.920400,0.109200
2026/4/21 15:49:24.6829,-0.273000,-0.912600,0.109200
2026/4/21 15:49:24.6929,-0.276900,-0.916500,0.109200
2026/4/21 15:49:24.7029,-0.276900,-0.916500,0.117000
2026/4/21 15:49:24.7129,-0.273000,-0.920400,0.113100
2026/4/21 15:49:24.8349,-0.276900,-0.916500,0.105300
2026/4/21 15:49:24.8449,-0.276900,-0.920400,0.113100
2026/4/21 15:49:24.8549,-0.273000,-0.920400,0.117000
2026/4/21 15:49:24.8649,-0.273000,-0.916500,0.109200
2026/4/21 15:49:24.8749,-0.276900,-0.916500,0.109200
2026/4/21 15:49:24.8849,-0.273000,-0.916500,0.113100
2026/4/21 15:49:24.8949,-0.276900,-0.916500,0.109200
2026/4/21 15:49:24.9049,-0.273000,-0.916500,0.117000
2026/4/21 15:49:24.9149,-0.273000,-0.916500,0.113100
2026/4/21 15:49:24.9249,-0.276900,-0.916500,0.109200
2026/4/21 15:49:24.9349,-0.273000,-0.912600,0.109200
2026/4/21 15:49:24.9449,-0.280800,-0.916500,0.113100
2026/4/21 15:49:24.9549,-0.276900,-0.912600,0.113100
2026/4/21 15:49:24.9649,-0.276900,-0.916500,0.117000
2026/4/21 15:49:24.9749,-0.280800,-0.916500,0.109200
2026/4/21 15:49:24.9849,-0.273000,-0.920400,0.117000
2026/4/21 15:49:24.9949,-0.273000,-0.916500,0.113100
2026/4/21 15:49:25.0049,-0.276900,-0.916500,0.113100
2026/4/21 15:49:25.0149,-0.273000,-0.920400,0.113100
2026/4/21 15:49:25.0249,-0.276900,-0.920400,0.117000
2026/4/21 15:49:25.1469,-0.273000,-0.912600,0.109200
2026/4/21 15:49:25.1569,-0.276900,-0.920400,0.113100
2026/4/21 15:49:25.1669,-0.276900,-0.920400,0.105300
2026/4/21 15:49:25.1769,-0.276900,-0.916500,0.117000
2026/4/21 15:49:25.1869,-0.276900,-0.920400,0.113100
2026/4/21 15:49:25.1969,-0.273000,-0.920400,0.113100
2026/4/21 15:49:25.2069,-0.276900,-0.916500,0.113100
2026/4/21 15:49:25.2169,-0.276900,-0.912600,0.109200
2026/4/21 15:49:25.2269,-0.276900,-0.912600,0.109200
2026/4/21 15:49:25.2369,-0.276900,-0.916500,0.109200
2026/4/21 15:49:25.2469,-0.269100,-0.924300,0.113100
2026/4/21 15:49:25.2569,-0.273000,-0.924300,0.113100
2026/4/21 15:49:25.2669,-0.280800,-0.920400,0.117000
2026/4/21 15:49:25.2769,-0.276900,-0.912600,0.105300
2026/4/21 15:49:25.2869,-0.280800,-0.916500,0.117000
2026/4/21 15:49:25.2969,-0.276900,-0.916500,0.113100
2026/4/21 15:49:25.3069,-0.276900,-0.924300,0.117000
2026/4/21 15:49:25.3169,-0.273000,-0.920400,0.113100
2026/4/21 15:49:25.3269,-0.273000,-0.916500,0.117000
2026/4/21 15:49:25.3369,-0.273000,-0.924300,0.113100
2026/4/21 15:49:25.4589,-0.276900,-0.920400,0.109200
2026/4/21 15:49:25.4689,-0.273000,-0.920400,0.109200
2026/4/21 15:49:25.4789,-0.276900,-0.920400,0.113100
2026/4/21 15:49:25.4889,-0.276900,-0.920400,0.109200
2026/4/21 15:49:25.4989,-0.273000,-0.916500,0.113100
2026/4/21 15:49:25.5089,-0.276900,-0.920400,0.109200
2026/4/21 15:49:25.5189,-0.276900,-0.916500,0.117000
2026/4/21 15:49:25.5289,-0.273000,-0.920400,0.109200
2026/4/21 15:49:25.5389,-0.276900,-0.920400,0.113100
2026/4/21 15:49:25.5489,-0.276900,-0.916500,0.109200
2026/4/21 15:49:25.5589,-0.273000,-0.916500,0.117000
2026/4/21 15:49:25.5689,-0.273000,-0.920400,0.109200
2026/4/21 15:49:25.5789,-0.280800,-0.912600,0.117000
2026/4/21 15:49:25.5889,-0.273000,-0.920400,0.109200
2026/4/21 15:49:25.5989,-0.276900,-0.920400,0.109200
2026/4/21 15:49:25.6089,-0.276900,-0.916500,0.109200
2026/4/21 15:49:25.6189,-0.280800,-0.916500,0.117000
2026/4/21 15:49:25.6289,-0.276900,-0.920400,0.117000
2026/4/21 15:49:25.6389,-0.276900,-0.916500,0.109200
2026/4/21 15:49:25.6489,-0.276900,-0.916500,0.109200
2026/4/21 15:49:25.7709,-0.273000,-0.916500,0.109200
2026/4/21 15:49:25.7809,-0.276900,-0.920400,0.113100
2026/4/21 15:49:25.7909,-0.276900,-0.920400,0.109200
2026/4/21 15:49:25.8009,-0.276900,-0.916500,0.117000
2026/4/21 15:49:25.8109,-0.273000,-0.920400,0.113100
2026/4/21 15:49:25.8209,-0.273000,-0.916500,0.113100
2026/4/21 15:49:25.8309,-0.265200,-0.916500,0.113100
2026/4/21 15:49:25.8409,-0.276900,-0.916500,0.117000
2026/4/21 15:49:25.8509,-0.273000,-0.920400,0.109200
2026/4/21 15:49:25.8609,-0.273000,-0.920400,0.109200
2026/4/21 15:49:25.8709,-0.273000,-0.920400,0.113100
2026/4/21 15:49:25.8809,-0.273000,-0.912600,0.120900
2026/4/21 15:49:25.8909,-0.273000,-0.920400,0.109200
2026/4/21 15:49:25.9009,-0.273000,-0.920400,0.113100
2026/4/21 15:49:25.9109,-0.269100,-0.912600,0.109200
2026/4/21 15:49:25.9209,-0.273000,-0.912600,0.117000
2026/4/21 15:49:25.9309,-0.280800,-0.912600,0.113100
2026/4/21 15:49:25.9409,-0.276900,-0.916500,0.109200
2026/4/21 15:49:25.9509,-0.273000,-0.916500,0.109200
2026/4/21 15:49:25.9609,-0.273000,-0.916500,0.109200
2026/4/21 15:49:26.0829,-0.276900,-0.916500,0.113100
2026/4/21 15:49:26.0929,-0.273000,-0.916500,0.109200
2026/4/21 15:49:26.1029,-0.273000,-0.912600,0.109200
2026/4/21 15:49:26.1129,-0.273000,-0.916500,0.105300
2026/4/21 15:49:26.1229,-0.276900,-0.920400,0.109200
2026/4/21 15:49:26.1329,-0.276900,-0.920400,0.113100
2026/4/21 15:49:26.1429,-0.280800,-0.916500,0.113100
2026/4/21 15:49:26.1529,-0.273000,-0.912600,0.117000
2026/4/21 15:49:26.1629,-0.273000,-0.916500,0.113100
2026/4/21 15:49:26.1729,-0.276900,-0.916500,0.109200
2026/4/21 15:49:26.1829,-0.273000,-0.916500,0.109200
2026/4/21 15:49:26.1929,-0.273000,-0.920400,0.109200
2026/4/21 15:49:26.2029,-0.276900,-0.916500,0.109200
2026/4/21 15:49:26.2129,-0.273000,-0.920400,0.113100
2026/4/21 15:49:26.2229,-0.276900,-0.916500,0.113100
2026/4/21 15:49:26.2329,-0.276900,-0.916500,0.105300
2026/4/21 15:49:26.2429,-0.273000,-0.912600,0.117000
2026/4/21 15:49:26.2529,-0.276900,-0.920400,0.109200
2026/4/21 15:49:26.2629,-0.276900,-0.916500,0.113100
2026/4/21 15:49:26.2729,-0.269100,-0.920400,0.113100
2026/4/21 15:49:26.3949,-0.273000,-0.920400,0.117000
2026/4/21 15:49:26.4049,-0.273000,-0.912600,0.113100
2026/4/21 15:49:26.4149,-0.269100,-0.916500,0.113100
2026/4/21 15:49:26.4249,-0.273000,-0.920400,0.117000
2026/4/21 15:49:26.4349,-0.273000,-0.920400,0.113100
2026/4/21 15:49:26.4449,-0.276900,-0.916500,0.109200
2026/4/21 15:49:26.4549,-0.273000,-0.920400,0.113100
2026/4/21 15:49:26.4649,-0.273000,-0.916500,0.113100
2026/4/21 15:49:26.4749,-0.276900,-0.916500,0.109200
2026/4/21 15:49:26.4849,-0.273000,-0.924300,0.101400
2026/4/21 15:49:26.4949,-0.269100,-0.920400,0.113100
2026/4/21 15:49:26.5049,-0.273000,-0.916500,0.109200
2026/4/21 15:49:26.5149,-0.273000,-0.920400,0.113100
2026/4/21 15:49:26.5249,-0.276900,-0.912600,0.109200
2026/4/21 15:49:26.5349,-0.276900,-0.920400,0.113100
2026/4/21 15:49:26.5449,-0.273000,-0.920400,0.109200
2026/4/21 15:49:26.5549,-0.276900,-0.916500,0.109200
2026/4/21 15:49:26.5649,-0.269100,-0.916500,0.109200
2026/4/21 15:49:26.5749,-0.273000,-0.916500,0.117000
2026/4/21 15:49:26.5849,-0.273000,-0.924300,0.113100
2026/4/21 15:49:26.7069,-0.276900,-0.916500,0.113100
2026/4/21 15:49:26.7169,-0.276900,-0.916500,0.109200
2026/4/21 15:49:26.7269,-0.276900,-0.916500,0.105300
2026/4/21 15:49:26.7369,-0.273000,-0.920400,0.105300
2026/4/21 15:49:26.7469,-0.276900,-0.912600,0.113100
2026/4/21 15:49:26.7569,-0.276900,-0.916500,0.113100
2026/4/21 15:49:26.7669,-0.273000,-0.916500,0.113100
2026/4/21 15:49:26.7769,-0.276900,-0.916500,0.113100
2026/4/21 15:49:26.7869,-0.273000,-0.920400,0.113100
2026/4/21 15:49:26.7969,-0.273000,-0.920400,0.113100
2026/4/21 15:49:26.8069,-0.276900,-0.912600,0.109200
2026/4/21 15:49:26.8169,-0.276900,-0.920400,0.109200
2026/4/21 15:49:26.8269,-0.273000,-0.916500,0.113100
2026/4/21 15:49:26.8369,-0.273000,-0.916500,0.113100
2026/4/21 15:49:26.8469,-0.276900,-0.920400,0.109200
2026/4/21 15:49:26.8569,-0.273000,-0.916500,0.117000
2026/4/21 15:49:26.8669,-0.269100,-0.920400,0.113100
2026/4/21 15:49:26.8769,-0.276900,-0.916500,0.113100
2026/4/21 15:49:26.8869,-0.273000,-0.916500,0.109200
2026/4/21 15:49:26.8969,-0.280800,-0.916500,0.109200
2026/4/21 15:49:27.0189,-0.273000,-0.916500,0.105300
2026/4/21 15:49:27.0289,-0.276900,-0.920400,0.117000
2026/4/21 15:49:27.0389,-0.273000,-0.920400,0.109200
2026/4/21 15:49:27.0489,-0.276900,-0.920400,0.109200
2026/4/21 15:49:27.0589,-0.273000,-0.916500,0.113100
2026/4/21 15:49:27.0689,-0.276900,-0.912600,0.117000
2026/4/21 15:49:27.0789,-0.276900,-0.920400,0.109200
2026/4/21 15:49:27.0889,-0.276900,-0.916500,0.117000
2026/4/21 15:49:27.0989,-0.273000,-0.920400,0.109200
2026/4/21 15:49:27.1089,-0.276900,-0.916500,0.113100
2026/4/21 15:49:27.1189,-0.276900,-0.920400,0.109200
2026/4/21 15:49:27.1289,-0.276900,-0.920400,0.117000
2026/4/21 15:49:27.1389,-0.273000,-0.920400,0.113100
2026/4/21 15:49:27.1489,-0.276900,-0.912600,0.109200
2026/4/21 15:49:27.1589,-0.273000,-0.920400,0.109200
2026/4/21 15:49:27.1689,-0.273000,-0.920400,0.109200
2026/4/21 15:49:27.1789,-0.276900,-0.916500,0.105300
2026/4/21 15:49:27.1889,-0.276900,-0.916500,0.109200
2026/4/21 15:49:27.1989,-0.276900,-0.916500,0.109200
2026/4/21 15:49:27.2089,-0.280800,-0.916500,0.117000
2026/4/21 15:49:27.3309,-0.276900,-0.920400,0.117000
2026/4/21 15:49:27.3409,-0.276900,-0.916500,0.109200
2026/4/21 15:49:27.3509,-0.276900,-0.916500,0.117000
2026/4/21 15:49:27.3609,-0.276900,-0.916500,0.113100
2026/4/21 15:49:27.3709,-0.273000,-0.916500,0.109200
2026/4/21 15:49:27.3809,-0.273000,-0.920400,0.113100
2026/4/21 15:49:27.3909,-0.269100,-0.916500,0.120900
2026/4/21 15:49:27.4009,-0.273000,-0.924300,0.109200
2026/4/21 15:49:27.4109,-0.273000,-0.916500,0.113100
2026/4/21 15:49:27.4209,-0.269100,-0.912600,0.113100
2026/4/21 15:49:27.4309,-0.276900,-0.916500,0.117000
2026/4/21 15:49:27.4409,-0.276900,-0.912600,0.113100
2026/4/21 15:49:27.4509,-0.269100,-0.920400,0.109200
2026/4/21 15:49:27.4609,-0.273000,-0.916500,0.113100
2026/4/21 15:49:27.4709,-0.273000,-0.916500,0.113100
2026/4/21 15:49:27.4809,-0.273000,-0.916500,0.105300
2026/4/21 15:49:27.4909,-0.273000,-0.916500,0.105300
2026/4/21 15:49:27.5009,-0.273000,-0.916500,0.109200
2026/4/21 15:49:27.5109,-0.273000,-0.916500,0.109200
2026/4/21 15:49:27.5209,-0.273000,-0.920400,0.113100
2026/4/21 15:49:27.6429,-0.276900,-0.916500,0.113100
2026/4/21 15:49:27.6529,-0.276900,-0.920400,0.113100
2026/4/21 15:49:27.6629,-0.273000,-0.920400,0.105300
2026/4/21 15:49:27.6729,-0.276900,-0.912600,0.113100
2026/4/21 15:49:27.6829,-0.280800,-0.916500,0.117000
2026/4/21 15:49:27.6929,-0.273000,-0.920400,0.117000
2026/4/21 15:49:27.7029,-0.269100,-0.920400,0.113100
2026/4/21 15:49:27.7129,-0.273000,-0.916500,0.105300
2026/4/21 15:49:27.7229,-0.273000,-0.924300,0.117000
2026/4/21 15:49:27.7329,-0.273000,-0.916500,0.113100
2026/4/21 15:49:27.7429,-0.276900,-0.920400,0.109200
2026/4/21 15:49:27.7529,-0.276900,-0.912600,0.113100
2026/4/21 15:49:27.7629,-0.276900,-0.920400,0.109200
2026/4/21 15:49:27.7729,-0.276900,-0.916500,0.109200
2026/4/21 15:49:27.7829,-0.276900,-0.916500,0.113100
2026/4/21 15:49:27.7929,-0.273000,-0.916500,0.109200
2026/4/21 15:49:27.8029,-0.276900,-0.916500,0.117000
2026/4/21 15:49:27.8129,-0.273000,-0.920400,0.117000
2026/4/21 15:49:27.8229,-0.273000,-0.912600,0.109200
2026/4/21 15:49:27.8329,-0.269100,-0.908700,0.113100
